<annotation>
	<folder></folder>
	<filename>A_1036_JPG.rf.f1bad40e2707892809f726c2e5541a8e.jpg</filename>
	<path>A_1036_JPG.rf.f1bad40e2707892809f726c2e5541a8e.jpg</path>
	<source>
		<database>roboflow.ai</database>
	</source>
	<size>
		<width>416</width>
		<height>416</height>
		<depth>3</depth>
	</size>
	<segmented>0</segmented>
	<object>
		<name>A</name>
		<pose>Unspecified</pose>
		<truncated>0</truncated>
		<difficult>0</difficult>
		<occluded>0</occluded>
		<bndbox>
			<xmin>84</xmin>
			<xmax>156</xmax>
			<ymin>169</ymin>
			<ymax>220</ymax>
		</bndbox>
	</object>
</annotation>
