<annotation>
	<folder></folder>
	<filename>A_1048_JPG.rf.24b89d3aedbb3595eaf4ed6b3c29c97e.jpg</filename>
	<path>A_1048_JPG.rf.24b89d3aedbb3595eaf4ed6b3c29c97e.jpg</path>
	<source>
		<database>roboflow.ai</database>
	</source>
	<size>
		<width>416</width>
		<height>416</height>
		<depth>3</depth>
	</size>
	<segmented>0</segmented>
	<object>
		<name>A</name>
		<pose>Unspecified</pose>
		<truncated>0</truncated>
		<difficult>0</difficult>
		<occluded>0</occluded>
		<bndbox>
			<xmin>1</xmin>
			<xmax>88</xmax>
			<ymin>191</ymin>
			<ymax>256</ymax>
		</bndbox>
	</object>
</annotation>
