<annotation>
	<folder></folder>
	<filename>A_1012_jpg.rf.1b4b630efe154a474a73065bd5ac6881.jpg</filename>
	<path>A_1012_jpg.rf.1b4b630efe154a474a73065bd5ac6881.jpg</path>
	<source>
		<database>roboflow.ai</database>
	</source>
	<size>
		<width>416</width>
		<height>416</height>
		<depth>3</depth>
	</size>
	<segmented>0</segmented>
	<object>
		<name>A</name>
		<pose>Unspecified</pose>
		<truncated>0</truncated>
		<difficult>0</difficult>
		<occluded>0</occluded>
		<bndbox>
			<xmin>69</xmin>
			<xmax>278</xmax>
			<ymin>113</ymin>
			<ymax>342</ymax>
		</bndbox>
	</object>
</annotation>
