<annotation>
	<folder></folder>
	<filename>A_1024_JPG.rf.c1125692aec21890ff35d251a36ef143.jpg</filename>
	<path>A_1024_JPG.rf.c1125692aec21890ff35d251a36ef143.jpg</path>
	<source>
		<database>roboflow.ai</database>
	</source>
	<size>
		<width>416</width>
		<height>416</height>
		<depth>3</depth>
	</size>
	<segmented>0</segmented>
	<object>
		<name>A</name>
		<pose>Unspecified</pose>
		<truncated>0</truncated>
		<difficult>0</difficult>
		<occluded>0</occluded>
		<bndbox>
			<xmin>5</xmin>
			<xmax>98</xmax>
			<ymin>130</ymin>
			<ymax>200</ymax>
		</bndbox>
	</object>
</annotation>
