<annotation>
	<folder></folder>
	<filename>A_1060_JPG.rf.4c9249819d2b0a2ed3d948072f3cdc7f.jpg</filename>
	<path>A_1060_JPG.rf.4c9249819d2b0a2ed3d948072f3cdc7f.jpg</path>
	<source>
		<database>roboflow.ai</database>
	</source>
	<size>
		<width>416</width>
		<height>416</height>
		<depth>3</depth>
	</size>
	<segmented>0</segmented>
	<object>
		<name>A</name>
		<pose>Unspecified</pose>
		<truncated>0</truncated>
		<difficult>0</difficult>
		<occluded>0</occluded>
		<bndbox>
			<xmin>222</xmin>
			<xmax>313</xmax>
			<ymin>171</ymin>
			<ymax>218</ymax>
		</bndbox>
	</object>
</annotation>
