<annotation>
	<folder></folder>
	<filename>A_1072_JPG.rf.27607f4e01dc7100d20ac790c6a82c6c.jpg</filename>
	<path>A_1072_JPG.rf.27607f4e01dc7100d20ac790c6a82c6c.jpg</path>
	<source>
		<database>roboflow.ai</database>
	</source>
	<size>
		<width>416</width>
		<height>416</height>
		<depth>3</depth>
	</size>
	<segmented>0</segmented>
	<object>
		<name>A</name>
		<pose>Unspecified</pose>
		<truncated>0</truncated>
		<difficult>0</difficult>
		<occluded>0</occluded>
		<bndbox>
			<xmin>82</xmin>
			<xmax>168</xmax>
			<ymin>213</ymin>
			<ymax>262</ymax>
		</bndbox>
	</object>
</annotation>
