<annotation>
	<folder></folder>
	<filename>A_1096_JPG.rf.f96233a1adf9514f399dc1aa5039cf54.jpg</filename>
	<path>A_1096_JPG.rf.f96233a1adf9514f399dc1aa5039cf54.jpg</path>
	<source>
		<database>roboflow.ai</database>
	</source>
	<size>
		<width>416</width>
		<height>416</height>
		<depth>3</depth>
	</size>
	<segmented>0</segmented>
	<object>
		<name>A</name>
		<pose>Unspecified</pose>
		<truncated>0</truncated>
		<difficult>0</difficult>
		<occluded>0</occluded>
		<bndbox>
			<xmin>268</xmin>
			<xmax>362</xmax>
			<ymin>202</ymin>
			<ymax>246</ymax>
		</bndbox>
	</object>
</annotation>
