<annotation>
	<folder></folder>
	<filename>A_1084_JPG.rf.7f80c0fc9c8f56373ac6c6683ffa86b9.jpg</filename>
	<path>A_1084_JPG.rf.7f80c0fc9c8f56373ac6c6683ffa86b9.jpg</path>
	<source>
		<database>roboflow.ai</database>
	</source>
	<size>
		<width>416</width>
		<height>416</height>
		<depth>3</depth>
	</size>
	<segmented>0</segmented>
	<object>
		<name>A</name>
		<pose>Unspecified</pose>
		<truncated>0</truncated>
		<difficult>0</difficult>
		<occluded>0</occluded>
		<bndbox>
			<xmin>68</xmin>
			<xmax>167</xmax>
			<ymin>217</ymin>
			<ymax>257</ymax>
		</bndbox>
	</object>
</annotation>
