<annotation>
	<folder></folder>
	<filename>A_1180_JPG.rf.d6b154fc73a233836cd1873252a39f9c.jpg</filename>
	<path>A_1180_JPG.rf.d6b154fc73a233836cd1873252a39f9c.jpg</path>
	<source>
		<database>roboflow.ai</database>
	</source>
	<size>
		<width>416</width>
		<height>416</height>
		<depth>3</depth>
	</size>
	<segmented>0</segmented>
	<object>
		<name>A</name>
		<pose>Unspecified</pose>
		<truncated>0</truncated>
		<difficult>0</difficult>
		<occluded>0</occluded>
		<bndbox>
			<xmin>217</xmin>
			<xmax>312</xmax>
			<ymin>178</ymin>
			<ymax>239</ymax>
		</bndbox>
	</object>
</annotation>
