<annotation>
	<folder></folder>
	<filename>A_1132_JPG.rf.3176262cf3437d64c9ac72535d6f60b2.jpg</filename>
	<path>A_1132_JPG.rf.3176262cf3437d64c9ac72535d6f60b2.jpg</path>
	<source>
		<database>roboflow.ai</database>
	</source>
	<size>
		<width>416</width>
		<height>416</height>
		<depth>3</depth>
	</size>
	<segmented>0</segmented>
	<object>
		<name>A</name>
		<pose>Unspecified</pose>
		<truncated>0</truncated>
		<difficult>0</difficult>
		<occluded>0</occluded>
		<bndbox>
			<xmin>243</xmin>
			<xmax>365</xmax>
			<ymin>188</ymin>
			<ymax>244</ymax>
		</bndbox>
	</object>
</annotation>
