<annotation>
	<folder></folder>
	<filename>A_1168_JPG.rf.a7a4476863bae8cfb9305d2875edec61.jpg</filename>
	<path>A_1168_JPG.rf.a7a4476863bae8cfb9305d2875edec61.jpg</path>
	<source>
		<database>roboflow.ai</database>
	</source>
	<size>
		<width>416</width>
		<height>416</height>
		<depth>3</depth>
	</size>
	<segmented>0</segmented>
	<object>
		<name>A</name>
		<pose>Unspecified</pose>
		<truncated>0</truncated>
		<difficult>0</difficult>
		<occluded>0</occluded>
		<bndbox>
			<xmin>211</xmin>
			<xmax>317</xmax>
			<ymin>192</ymin>
			<ymax>257</ymax>
		</bndbox>
	</object>
</annotation>
