<annotation>
	<folder></folder>
	<filename>A_1120_JPG.rf.e1a19c43dbbf0e7fe0c17af53d596683.jpg</filename>
	<path>A_1120_JPG.rf.e1a19c43dbbf0e7fe0c17af53d596683.jpg</path>
	<source>
		<database>roboflow.ai</database>
	</source>
	<size>
		<width>416</width>
		<height>416</height>
		<depth>3</depth>
	</size>
	<segmented>0</segmented>
	<object>
		<name>A</name>
		<pose>Unspecified</pose>
		<truncated>0</truncated>
		<difficult>0</difficult>
		<occluded>0</occluded>
		<bndbox>
			<xmin>44</xmin>
			<xmax>138</xmax>
			<ymin>268</ymin>
			<ymax>334</ymax>
		</bndbox>
	</object>
</annotation>
