<annotation>
	<folder></folder>
	<filename>A_1144_JPG.rf.226d3c9cf1bbea04e26957024bac34bd.jpg</filename>
	<path>A_1144_JPG.rf.226d3c9cf1bbea04e26957024bac34bd.jpg</path>
	<source>
		<database>roboflow.ai</database>
	</source>
	<size>
		<width>416</width>
		<height>416</height>
		<depth>3</depth>
	</size>
	<segmented>0</segmented>
	<object>
		<name>A</name>
		<pose>Unspecified</pose>
		<truncated>0</truncated>
		<difficult>0</difficult>
		<occluded>0</occluded>
		<bndbox>
			<xmin>186</xmin>
			<xmax>293</xmax>
			<ymin>213</ymin>
			<ymax>280</ymax>
		</bndbox>
	</object>
</annotation>
