<annotation>
	<folder></folder>
	<filename>A_1192_JPG.rf.3f359664fbb7e01bc853e156cdbaf3db.jpg</filename>
	<path>A_1192_JPG.rf.3f359664fbb7e01bc853e156cdbaf3db.jpg</path>
	<source>
		<database>roboflow.ai</database>
	</source>
	<size>
		<width>416</width>
		<height>416</height>
		<depth>3</depth>
	</size>
	<segmented>0</segmented>
	<object>
		<name>A</name>
		<pose>Unspecified</pose>
		<truncated>0</truncated>
		<difficult>0</difficult>
		<occluded>0</occluded>
		<bndbox>
			<xmin>91</xmin>
			<xmax>204</xmax>
			<ymin>196</ymin>
			<ymax>263</ymax>
		</bndbox>
	</object>
</annotation>
