<annotation>
	<folder></folder>
	<filename>A_1108_JPG.rf.b930a9e31893ab1ad9fd5dc8815ee51d.jpg</filename>
	<path>A_1108_JPG.rf.b930a9e31893ab1ad9fd5dc8815ee51d.jpg</path>
	<source>
		<database>roboflow.ai</database>
	</source>
	<size>
		<width>416</width>
		<height>416</height>
		<depth>3</depth>
	</size>
	<segmented>0</segmented>
	<object>
		<name>A</name>
		<pose>Unspecified</pose>
		<truncated>0</truncated>
		<difficult>0</difficult>
		<occluded>0</occluded>
		<bndbox>
			<xmin>105</xmin>
			<xmax>207</xmax>
			<ymin>187</ymin>
			<ymax>252</ymax>
		</bndbox>
	</object>
</annotation>
