<annotation>
	<folder></folder>
	<filename>A_1156_JPG.rf.ce9d9e419564530c6a28798a5af30784.jpg</filename>
	<path>A_1156_JPG.rf.ce9d9e419564530c6a28798a5af30784.jpg</path>
	<source>
		<database>roboflow.ai</database>
	</source>
	<size>
		<width>416</width>
		<height>416</height>
		<depth>3</depth>
	</size>
	<segmented>0</segmented>
	<object>
		<name>A</name>
		<pose>Unspecified</pose>
		<truncated>0</truncated>
		<difficult>0</difficult>
		<occluded>0</occluded>
		<bndbox>
			<xmin>86</xmin>
			<xmax>195</xmax>
			<ymin>173</ymin>
			<ymax>224</ymax>
		</bndbox>
	</object>
</annotation>
