<annotation>
	<folder></folder>
	<filename>A_1240_JPG.rf.65eb61489c7df5c91b942e66cc8cf024.jpg</filename>
	<path>A_1240_JPG.rf.65eb61489c7df5c91b942e66cc8cf024.jpg</path>
	<source>
		<database>roboflow.ai</database>
	</source>
	<size>
		<width>416</width>
		<height>416</height>
		<depth>3</depth>
	</size>
	<segmented>0</segmented>
	<object>
		<name>A</name>
		<pose>Unspecified</pose>
		<truncated>0</truncated>
		<difficult>0</difficult>
		<occluded>0</occluded>
		<bndbox>
			<xmin>13</xmin>
			<xmax>118</xmax>
			<ymin>233</ymin>
			<ymax>287</ymax>
		</bndbox>
	</object>
</annotation>
