<annotation>
	<folder></folder>
	<filename>A_1216_JPG.rf.a70d0106d0984126bcca55b211706d7b.jpg</filename>
	<path>A_1216_JPG.rf.a70d0106d0984126bcca55b211706d7b.jpg</path>
	<source>
		<database>roboflow.ai</database>
	</source>
	<size>
		<width>416</width>
		<height>416</height>
		<depth>3</depth>
	</size>
	<segmented>0</segmented>
	<object>
		<name>A</name>
		<pose>Unspecified</pose>
		<truncated>0</truncated>
		<difficult>0</difficult>
		<occluded>0</occluded>
		<bndbox>
			<xmin>269</xmin>
			<xmax>364</xmax>
			<ymin>148</ymin>
			<ymax>201</ymax>
		</bndbox>
	</object>
</annotation>
