<annotation>
	<folder></folder>
	<filename>A_1276_JPG.rf.3c5db78e02ba58bf7f4c21ba83fa867f.jpg</filename>
	<path>A_1276_JPG.rf.3c5db78e02ba58bf7f4c21ba83fa867f.jpg</path>
	<source>
		<database>roboflow.ai</database>
	</source>
	<size>
		<width>416</width>
		<height>416</height>
		<depth>3</depth>
	</size>
	<segmented>0</segmented>
	<object>
		<name>A</name>
		<pose>Unspecified</pose>
		<truncated>0</truncated>
		<difficult>0</difficult>
		<occluded>0</occluded>
		<bndbox>
			<xmin>109</xmin>
			<xmax>210</xmax>
			<ymin>189</ymin>
			<ymax>264</ymax>
		</bndbox>
	</object>
</annotation>
