<annotation>
	<folder></folder>
	<filename>A_1228_JPG.rf.16f771d588e7ac64b9b09286e0fd491a.jpg</filename>
	<path>A_1228_JPG.rf.16f771d588e7ac64b9b09286e0fd491a.jpg</path>
	<source>
		<database>roboflow.ai</database>
	</source>
	<size>
		<width>416</width>
		<height>416</height>
		<depth>3</depth>
	</size>
	<segmented>0</segmented>
	<object>
		<name>A</name>
		<pose>Unspecified</pose>
		<truncated>0</truncated>
		<difficult>0</difficult>
		<occluded>0</occluded>
		<bndbox>
			<xmin>78</xmin>
			<xmax>171</xmax>
			<ymin>168</ymin>
			<ymax>228</ymax>
		</bndbox>
	</object>
</annotation>
