<annotation>
	<folder></folder>
	<filename>A_1264_JPG.rf.9f02385f6ce31b01123ebf3ca799f854.jpg</filename>
	<path>A_1264_JPG.rf.9f02385f6ce31b01123ebf3ca799f854.jpg</path>
	<source>
		<database>roboflow.ai</database>
	</source>
	<size>
		<width>416</width>
		<height>416</height>
		<depth>3</depth>
	</size>
	<segmented>0</segmented>
	<object>
		<name>A</name>
		<pose>Unspecified</pose>
		<truncated>0</truncated>
		<difficult>0</difficult>
		<occluded>0</occluded>
		<bndbox>
			<xmin>121</xmin>
			<xmax>191</xmax>
			<ymin>168</ymin>
			<ymax>211</ymax>
		</bndbox>
	</object>
</annotation>
