<annotation>
	<folder></folder>
	<filename>A_1288_JPG.rf.001a77870f20ff4405378c2a73aff274.jpg</filename>
	<path>A_1288_JPG.rf.001a77870f20ff4405378c2a73aff274.jpg</path>
	<source>
		<database>roboflow.ai</database>
	</source>
	<size>
		<width>416</width>
		<height>416</height>
		<depth>3</depth>
	</size>
	<segmented>0</segmented>
	<object>
		<name>A</name>
		<pose>Unspecified</pose>
		<truncated>0</truncated>
		<difficult>0</difficult>
		<occluded>0</occluded>
		<bndbox>
			<xmin>55</xmin>
			<xmax>111</xmax>
			<ymin>205</ymin>
			<ymax>247</ymax>
		</bndbox>
	</object>
</annotation>
