<annotation>
	<folder></folder>
	<filename>A_1204_JPG.rf.bf6e02b5561e3f9cf444446cf972b3ca.jpg</filename>
	<path>A_1204_JPG.rf.bf6e02b5561e3f9cf444446cf972b3ca.jpg</path>
	<source>
		<database>roboflow.ai</database>
	</source>
	<size>
		<width>416</width>
		<height>416</height>
		<depth>3</depth>
	</size>
	<segmented>0</segmented>
	<object>
		<name>A</name>
		<pose>Unspecified</pose>
		<truncated>0</truncated>
		<difficult>0</difficult>
		<occluded>0</occluded>
		<bndbox>
			<xmin>98</xmin>
			<xmax>193</xmax>
			<ymin>198</ymin>
			<ymax>259</ymax>
		</bndbox>
	</object>
</annotation>
