<annotation>
	<folder></folder>
	<filename>A_1252_JPG.rf.1d726ffa5070af6d51e2c28a7131fa4c.jpg</filename>
	<path>A_1252_JPG.rf.1d726ffa5070af6d51e2c28a7131fa4c.jpg</path>
	<source>
		<database>roboflow.ai</database>
	</source>
	<size>
		<width>416</width>
		<height>416</height>
		<depth>3</depth>
	</size>
	<segmented>0</segmented>
	<object>
		<name>A</name>
		<pose>Unspecified</pose>
		<truncated>0</truncated>
		<difficult>0</difficult>
		<occluded>0</occluded>
		<bndbox>
			<xmin>59</xmin>
			<xmax>144</xmax>
			<ymin>165</ymin>
			<ymax>227</ymax>
		</bndbox>
	</object>
</annotation>
