<annotation>
	<folder></folder>
	<filename>A_1324_JPG.rf.a0e3405b33bbed9dd1405003e2397901.jpg</filename>
	<path>A_1324_JPG.rf.a0e3405b33bbed9dd1405003e2397901.jpg</path>
	<source>
		<database>roboflow.ai</database>
	</source>
	<size>
		<width>416</width>
		<height>416</height>
		<depth>3</depth>
	</size>
	<segmented>0</segmented>
	<object>
		<name>A</name>
		<pose>Unspecified</pose>
		<truncated>0</truncated>
		<difficult>0</difficult>
		<occluded>0</occluded>
		<bndbox>
			<xmin>95</xmin>
			<xmax>164</xmax>
			<ymin>159</ymin>
			<ymax>201</ymax>
		</bndbox>
	</object>
</annotation>
