<annotation>
	<folder></folder>
	<filename>A_1312_JPG.rf.4ccafeeee0c31a45b930ef0f136a34cd.jpg</filename>
	<path>A_1312_JPG.rf.4ccafeeee0c31a45b930ef0f136a34cd.jpg</path>
	<source>
		<database>roboflow.ai</database>
	</source>
	<size>
		<width>416</width>
		<height>416</height>
		<depth>3</depth>
	</size>
	<segmented>0</segmented>
	<object>
		<name>A</name>
		<pose>Unspecified</pose>
		<truncated>0</truncated>
		<difficult>0</difficult>
		<occluded>0</occluded>
		<bndbox>
			<xmin>111</xmin>
			<xmax>187</xmax>
			<ymin>117</ymin>
			<ymax>159</ymax>
		</bndbox>
	</object>
</annotation>
