<annotation>
	<folder></folder>
	<filename>A_1384_jpeg.rf.0062d5a21fd299568143afb6d21b444f.jpg</filename>
	<path>A_1384_jpeg.rf.0062d5a21fd299568143afb6d21b444f.jpg</path>
	<source>
		<database>roboflow.ai</database>
	</source>
	<size>
		<width>416</width>
		<height>416</height>
		<depth>3</depth>
	</size>
	<segmented>0</segmented>
	<object>
		<name>A</name>
		<pose>Unspecified</pose>
		<truncated>0</truncated>
		<difficult>0</difficult>
		<occluded>0</occluded>
		<bndbox>
			<xmin>164</xmin>
			<xmax>415</xmax>
			<ymin>130</ymin>
			<ymax>260</ymax>
		</bndbox>
	</object>
</annotation>
