<annotation>
	<folder></folder>
	<filename>A_1360_JPG.rf.a376490e21af91d3408b630efafc7415.jpg</filename>
	<path>A_1360_JPG.rf.a376490e21af91d3408b630efafc7415.jpg</path>
	<source>
		<database>roboflow.ai</database>
	</source>
	<size>
		<width>416</width>
		<height>416</height>
		<depth>3</depth>
	</size>
	<segmented>0</segmented>
	<object>
		<name>A</name>
		<pose>Unspecified</pose>
		<truncated>0</truncated>
		<difficult>0</difficult>
		<occluded>0</occluded>
		<bndbox>
			<xmin>227</xmin>
			<xmax>309</xmax>
			<ymin>142</ymin>
			<ymax>185</ymax>
		</bndbox>
	</object>
</annotation>
