<annotation>
	<folder></folder>
	<filename>A_1396_jpg.rf.4045280d0440480834c6fa7ba1a3a2ba.jpg</filename>
	<path>A_1396_jpg.rf.4045280d0440480834c6fa7ba1a3a2ba.jpg</path>
	<source>
		<database>roboflow.ai</database>
	</source>
	<size>
		<width>416</width>
		<height>416</height>
		<depth>3</depth>
	</size>
	<segmented>0</segmented>
	<object>
		<name>A</name>
		<pose>Unspecified</pose>
		<truncated>0</truncated>
		<difficult>0</difficult>
		<occluded>0</occluded>
		<bndbox>
			<xmin>71</xmin>
			<xmax>175</xmax>
			<ymin>123</ymin>
			<ymax>202</ymax>
		</bndbox>
	</object>
</annotation>
