<annotation>
	<folder></folder>
	<filename>A_1348_JPG.rf.2cecde1d3e111809c3e2ee6225e2a081.jpg</filename>
	<path>A_1348_JPG.rf.2cecde1d3e111809c3e2ee6225e2a081.jpg</path>
	<source>
		<database>roboflow.ai</database>
	</source>
	<size>
		<width>416</width>
		<height>416</height>
		<depth>3</depth>
	</size>
	<segmented>0</segmented>
	<object>
		<name>A</name>
		<pose>Unspecified</pose>
		<truncated>0</truncated>
		<difficult>0</difficult>
		<occluded>0</occluded>
		<bndbox>
			<xmin>44</xmin>
			<xmax>120</xmax>
			<ymin>204</ymin>
			<ymax>248</ymax>
		</bndbox>
	</object>
</annotation>
