<annotation>
	<folder></folder>
	<filename>A_1372_jpg.rf.bd17e7e27bef3059401d3dabf55fec3c.jpg</filename>
	<path>A_1372_jpg.rf.bd17e7e27bef3059401d3dabf55fec3c.jpg</path>
	<source>
		<database>roboflow.ai</database>
	</source>
	<size>
		<width>416</width>
		<height>416</height>
		<depth>3</depth>
	</size>
	<segmented>0</segmented>
	<object>
		<name>A</name>
		<pose>Unspecified</pose>
		<truncated>0</truncated>
		<difficult>0</difficult>
		<occluded>0</occluded>
		<bndbox>
			<xmin>26</xmin>
			<xmax>226</xmax>
			<ymin>136</ymin>
			<ymax>275</ymax>
		</bndbox>
	</object>
</annotation>
