<annotation>
	<folder></folder>
	<filename>A_1336_JPG.rf.3722d4c014cb0a317944ea39a740d38f.jpg</filename>
	<path>A_1336_JPG.rf.3722d4c014cb0a317944ea39a740d38f.jpg</path>
	<source>
		<database>roboflow.ai</database>
	</source>
	<size>
		<width>416</width>
		<height>416</height>
		<depth>3</depth>
	</size>
	<segmented>0</segmented>
	<object>
		<name>A</name>
		<pose>Unspecified</pose>
		<truncated>0</truncated>
		<difficult>0</difficult>
		<occluded>0</occluded>
		<bndbox>
			<xmin>249</xmin>
			<xmax>337</xmax>
			<ymin>214</ymin>
			<ymax>261</ymax>
		</bndbox>
	</object>
</annotation>
