<annotation>
	<folder></folder>
	<filename>A_1300_JPG.rf.737cba8f816c9462a02a51fdcd493b32.jpg</filename>
	<path>A_1300_JPG.rf.737cba8f816c9462a02a51fdcd493b32.jpg</path>
	<source>
		<database>roboflow.ai</database>
	</source>
	<size>
		<width>416</width>
		<height>416</height>
		<depth>3</depth>
	</size>
	<segmented>0</segmented>
	<object>
		<name>A</name>
		<pose>Unspecified</pose>
		<truncated>0</truncated>
		<difficult>0</difficult>
		<occluded>0</occluded>
		<bndbox>
			<xmin>58</xmin>
			<xmax>129</xmax>
			<ymin>189</ymin>
			<ymax>232</ymax>
		</bndbox>
	</object>
</annotation>
