<annotation>
	<folder></folder>
	<filename>A_1468_jpeg.rf.5f30764c0315123e151c64ecc3ee049c.jpg</filename>
	<path>A_1468_jpeg.rf.5f30764c0315123e151c64ecc3ee049c.jpg</path>
	<source>
		<database>roboflow.ai</database>
	</source>
	<size>
		<width>416</width>
		<height>416</height>
		<depth>3</depth>
	</size>
	<segmented>0</segmented>
	<object>
		<name>A</name>
		<pose>Unspecified</pose>
		<truncated>0</truncated>
		<difficult>0</difficult>
		<occluded>0</occluded>
		<bndbox>
			<xmin>28</xmin>
			<xmax>257</xmax>
			<ymin>86</ymin>
			<ymax>269</ymax>
		</bndbox>
	</object>
</annotation>
