<annotation>
	<folder></folder>
	<filename>A_1420_jpeg.rf.9a36aff7f33c7a4ee5ee4aa6c0c85d3e.jpg</filename>
	<path>A_1420_jpeg.rf.9a36aff7f33c7a4ee5ee4aa6c0c85d3e.jpg</path>
	<source>
		<database>roboflow.ai</database>
	</source>
	<size>
		<width>416</width>
		<height>416</height>
		<depth>3</depth>
	</size>
	<segmented>0</segmented>
	<object>
		<name>A</name>
		<pose>Unspecified</pose>
		<truncated>0</truncated>
		<difficult>0</difficult>
		<occluded>0</occluded>
		<bndbox>
			<xmin>86</xmin>
			<xmax>231</xmax>
			<ymin>168</ymin>
			<ymax>287</ymax>
		</bndbox>
	</object>
</annotation>
