<annotation>
	<folder></folder>
	<filename>A_1480_JPG.rf.2cce519ee8f049d00d48130e73fd3de1.jpg</filename>
	<path>A_1480_JPG.rf.2cce519ee8f049d00d48130e73fd3de1.jpg</path>
	<source>
		<database>roboflow.ai</database>
	</source>
	<size>
		<width>416</width>
		<height>416</height>
		<depth>3</depth>
	</size>
	<segmented>0</segmented>
	<object>
		<name>A</name>
		<pose>Unspecified</pose>
		<truncated>0</truncated>
		<difficult>0</difficult>
		<occluded>0</occluded>
		<bndbox>
			<xmin>181</xmin>
			<xmax>285</xmax>
			<ymin>215</ymin>
			<ymax>270</ymax>
		</bndbox>
	</object>
</annotation>
