<annotation>
	<folder></folder>
	<filename>A_1456_jpeg.rf.24c17699d60658c1d77b20c349c135b6.jpg</filename>
	<path>A_1456_jpeg.rf.24c17699d60658c1d77b20c349c135b6.jpg</path>
	<source>
		<database>roboflow.ai</database>
	</source>
	<size>
		<width>416</width>
		<height>416</height>
		<depth>3</depth>
	</size>
	<segmented>0</segmented>
	<object>
		<name>A</name>
		<pose>Unspecified</pose>
		<truncated>0</truncated>
		<difficult>0</difficult>
		<occluded>0</occluded>
		<bndbox>
			<xmin>126</xmin>
			<xmax>384</xmax>
			<ymin>205</ymin>
			<ymax>355</ymax>
		</bndbox>
	</object>
</annotation>
