<annotation>
	<folder></folder>
	<filename>A_1432_jpeg.rf.2c381591855c97c23af75cae8d659e72.jpg</filename>
	<path>A_1432_jpeg.rf.2c381591855c97c23af75cae8d659e72.jpg</path>
	<source>
		<database>roboflow.ai</database>
	</source>
	<size>
		<width>416</width>
		<height>416</height>
		<depth>3</depth>
	</size>
	<segmented>0</segmented>
	<object>
		<name>A</name>
		<pose>Unspecified</pose>
		<truncated>0</truncated>
		<difficult>0</difficult>
		<occluded>0</occluded>
		<bndbox>
			<xmin>125</xmin>
			<xmax>310</xmax>
			<ymin>152</ymin>
			<ymax>292</ymax>
		</bndbox>
	</object>
</annotation>
