<annotation>
	<folder></folder>
	<filename>A_1408_JPG.rf.47fa1bf60ca1d380b7076dcd7ac8d6ef.jpg</filename>
	<path>A_1408_JPG.rf.47fa1bf60ca1d380b7076dcd7ac8d6ef.jpg</path>
	<source>
		<database>roboflow.ai</database>
	</source>
	<size>
		<width>416</width>
		<height>416</height>
		<depth>3</depth>
	</size>
	<segmented>0</segmented>
	<object>
		<name>A</name>
		<pose>Unspecified</pose>
		<truncated>0</truncated>
		<difficult>0</difficult>
		<occluded>0</occluded>
		<bndbox>
			<xmin>26</xmin>
			<xmax>137</xmax>
			<ymin>173</ymin>
			<ymax>235</ymax>
		</bndbox>
	</object>
</annotation>
