<annotation>
	<folder></folder>
	<filename>A_1444_jpeg.rf.861681ed93c6c1ac8d59c274d415a00c.jpg</filename>
	<path>A_1444_jpeg.rf.861681ed93c6c1ac8d59c274d415a00c.jpg</path>
	<source>
		<database>roboflow.ai</database>
	</source>
	<size>
		<width>416</width>
		<height>416</height>
		<depth>3</depth>
	</size>
	<segmented>0</segmented>
	<object>
		<name>A</name>
		<pose>Unspecified</pose>
		<truncated>0</truncated>
		<difficult>0</difficult>
		<occluded>0</occluded>
		<bndbox>
			<xmin>201</xmin>
			<xmax>346</xmax>
			<ymin>140</ymin>
			<ymax>244</ymax>
		</bndbox>
	</object>
</annotation>
