<annotation>
	<folder></folder>
	<filename>A_1576_JPG.rf.e252e1910c84f643fd72dbb6513f0308.jpg</filename>
	<path>A_1576_JPG.rf.e252e1910c84f643fd72dbb6513f0308.jpg</path>
	<source>
		<database>roboflow.ai</database>
	</source>
	<size>
		<width>416</width>
		<height>416</height>
		<depth>3</depth>
	</size>
	<segmented>0</segmented>
	<object>
		<name>A</name>
		<pose>Unspecified</pose>
		<truncated>0</truncated>
		<difficult>0</difficult>
		<occluded>0</occluded>
		<bndbox>
			<xmin>128</xmin>
			<xmax>249</xmax>
			<ymin>209</ymin>
			<ymax>281</ymax>
		</bndbox>
	</object>
</annotation>
