<annotation>
	<folder></folder>
	<filename>A_1516_jpeg.rf.f3d60592c0c4285b5afa1602f4255dfb.jpg</filename>
	<path>A_1516_jpeg.rf.f3d60592c0c4285b5afa1602f4255dfb.jpg</path>
	<source>
		<database>roboflow.ai</database>
	</source>
	<size>
		<width>416</width>
		<height>416</height>
		<depth>3</depth>
	</size>
	<segmented>0</segmented>
	<object>
		<name>A</name>
		<pose>Unspecified</pose>
		<truncated>0</truncated>
		<difficult>0</difficult>
		<occluded>0</occluded>
		<bndbox>
			<xmin>138</xmin>
			<xmax>292</xmax>
			<ymin>120</ymin>
			<ymax>236</ymax>
		</bndbox>
	</object>
</annotation>
