<annotation>
	<folder></folder>
	<filename>A_1588_JPG.rf.a283f9dcaa928812c9e31e8ddc72d687.jpg</filename>
	<path>A_1588_JPG.rf.a283f9dcaa928812c9e31e8ddc72d687.jpg</path>
	<source>
		<database>roboflow.ai</database>
	</source>
	<size>
		<width>416</width>
		<height>416</height>
		<depth>3</depth>
	</size>
	<segmented>0</segmented>
	<object>
		<name>A</name>
		<pose>Unspecified</pose>
		<truncated>0</truncated>
		<difficult>0</difficult>
		<occluded>0</occluded>
		<bndbox>
			<xmin>225</xmin>
			<xmax>349</xmax>
			<ymin>206</ymin>
			<ymax>277</ymax>
		</bndbox>
	</object>
</annotation>
