<annotation>
	<folder></folder>
	<filename>A_1528_jpeg.rf.f2d37bb57e57bb1c956c9f38f707138b.jpg</filename>
	<path>A_1528_jpeg.rf.f2d37bb57e57bb1c956c9f38f707138b.jpg</path>
	<source>
		<database>roboflow.ai</database>
	</source>
	<size>
		<width>416</width>
		<height>416</height>
		<depth>3</depth>
	</size>
	<segmented>0</segmented>
	<object>
		<name>A</name>
		<pose>Unspecified</pose>
		<truncated>0</truncated>
		<difficult>0</difficult>
		<occluded>0</occluded>
		<bndbox>
			<xmin>48</xmin>
			<xmax>267</xmax>
			<ymin>133</ymin>
			<ymax>277</ymax>
		</bndbox>
	</object>
</annotation>
