<annotation>
	<folder></folder>
	<filename>A_1552_JPG.rf.9cd87fc2a8be615932c6be55ee88b89c.jpg</filename>
	<path>A_1552_JPG.rf.9cd87fc2a8be615932c6be55ee88b89c.jpg</path>
	<source>
		<database>roboflow.ai</database>
	</source>
	<size>
		<width>416</width>
		<height>416</height>
		<depth>3</depth>
	</size>
	<segmented>0</segmented>
	<object>
		<name>A</name>
		<pose>Unspecified</pose>
		<truncated>0</truncated>
		<difficult>0</difficult>
		<occluded>0</occluded>
		<bndbox>
			<xmin>51</xmin>
			<xmax>137</xmax>
			<ymin>174</ymin>
			<ymax>220</ymax>
		</bndbox>
	</object>
</annotation>
