<annotation>
	<folder></folder>
	<filename>A_1504_jpeg.rf.d47f1d099e20987564d32ecbd8e6ee9e.jpg</filename>
	<path>A_1504_jpeg.rf.d47f1d099e20987564d32ecbd8e6ee9e.jpg</path>
	<source>
		<database>roboflow.ai</database>
	</source>
	<size>
		<width>416</width>
		<height>416</height>
		<depth>3</depth>
	</size>
	<segmented>0</segmented>
	<object>
		<name>A</name>
		<pose>Unspecified</pose>
		<truncated>0</truncated>
		<difficult>0</difficult>
		<occluded>0</occluded>
		<bndbox>
			<xmin>116</xmin>
			<xmax>341</xmax>
			<ymin>90</ymin>
			<ymax>247</ymax>
		</bndbox>
	</object>
</annotation>
