<annotation>
	<folder></folder>
	<filename>A_1564_JPG.rf.9fa845ce764789dfe0a1bcc1cda8e3ac.jpg</filename>
	<path>A_1564_JPG.rf.9fa845ce764789dfe0a1bcc1cda8e3ac.jpg</path>
	<source>
		<database>roboflow.ai</database>
	</source>
	<size>
		<width>416</width>
		<height>416</height>
		<depth>3</depth>
	</size>
	<segmented>0</segmented>
	<object>
		<name>A</name>
		<pose>Unspecified</pose>
		<truncated>0</truncated>
		<difficult>0</difficult>
		<occluded>0</occluded>
		<bndbox>
			<xmin>300</xmin>
			<xmax>414</xmax>
			<ymin>207</ymin>
			<ymax>282</ymax>
		</bndbox>
	</object>
</annotation>
