<annotation>
	<folder></folder>
	<filename>A_1540_JPG.rf.c4e9aea7233069612021f6299764ad52.jpg</filename>
	<path>A_1540_JPG.rf.c4e9aea7233069612021f6299764ad52.jpg</path>
	<source>
		<database>roboflow.ai</database>
	</source>
	<size>
		<width>416</width>
		<height>416</height>
		<depth>3</depth>
	</size>
	<segmented>0</segmented>
	<object>
		<name>A</name>
		<pose>Unspecified</pose>
		<truncated>0</truncated>
		<difficult>0</difficult>
		<occluded>0</occluded>
		<bndbox>
			<xmin>269</xmin>
			<xmax>351</xmax>
			<ymin>215</ymin>
			<ymax>279</ymax>
		</bndbox>
	</object>
</annotation>
