<annotation>
	<folder></folder>
	<filename>A_1600_JPG.rf.cce8dc0fd065ed04a4163b59dd02a5c7.jpg</filename>
	<path>A_1600_JPG.rf.cce8dc0fd065ed04a4163b59dd02a5c7.jpg</path>
	<source>
		<database>roboflow.ai</database>
	</source>
	<size>
		<width>416</width>
		<height>416</height>
		<depth>3</depth>
	</size>
	<segmented>0</segmented>
	<object>
		<name>A</name>
		<pose>Unspecified</pose>
		<truncated>0</truncated>
		<difficult>0</difficult>
		<occluded>0</occluded>
		<bndbox>
			<xmin>125</xmin>
			<xmax>215</xmax>
			<ymin>208</ymin>
			<ymax>263</ymax>
		</bndbox>
	</object>
</annotation>
