<annotation>
	<folder></folder>
	<filename>A_1624_JPG.rf.30a97bfd588ee2376129e3c8165bfdfe.jpg</filename>
	<path>A_1624_JPG.rf.30a97bfd588ee2376129e3c8165bfdfe.jpg</path>
	<source>
		<database>roboflow.ai</database>
	</source>
	<size>
		<width>416</width>
		<height>416</height>
		<depth>3</depth>
	</size>
	<segmented>0</segmented>
	<object>
		<name>A</name>
		<pose>Unspecified</pose>
		<truncated>0</truncated>
		<difficult>0</difficult>
		<occluded>0</occluded>
		<bndbox>
			<xmin>64</xmin>
			<xmax>159</xmax>
			<ymin>175</ymin>
			<ymax>229</ymax>
		</bndbox>
	</object>
</annotation>
