<annotation>
	<folder></folder>
	<filename>A_1612_JPG.rf.fa4a7197309452a002185dda48bb8323.jpg</filename>
	<path>A_1612_JPG.rf.fa4a7197309452a002185dda48bb8323.jpg</path>
	<source>
		<database>roboflow.ai</database>
	</source>
	<size>
		<width>416</width>
		<height>416</height>
		<depth>3</depth>
	</size>
	<segmented>0</segmented>
	<object>
		<name>A</name>
		<pose>Unspecified</pose>
		<truncated>0</truncated>
		<difficult>0</difficult>
		<occluded>0</occluded>
		<bndbox>
			<xmin>93</xmin>
			<xmax>175</xmax>
			<ymin>268</ymin>
			<ymax>329</ymax>
		</bndbox>
	</object>
</annotation>
