<annotation>
	<folder></folder>
	<filename>A_1636_JPG.rf.7f7cbfb7632af2b6e5fecc0e80045258.jpg</filename>
	<path>A_1636_JPG.rf.7f7cbfb7632af2b6e5fecc0e80045258.jpg</path>
	<source>
		<database>roboflow.ai</database>
	</source>
	<size>
		<width>416</width>
		<height>416</height>
		<depth>3</depth>
	</size>
	<segmented>0</segmented>
	<object>
		<name>A</name>
		<pose>Unspecified</pose>
		<truncated>0</truncated>
		<difficult>0</difficult>
		<occluded>0</occluded>
		<bndbox>
			<xmin>123</xmin>
			<xmax>191</xmax>
			<ymin>171</ymin>
			<ymax>213</ymax>
		</bndbox>
	</object>
</annotation>
