<annotation>
	<folder></folder>
	<filename>B_1660_JPG.rf.0e2465a2955b9bbd6e32010ce84172a4.jpg</filename>
	<path>B_1660_JPG.rf.0e2465a2955b9bbd6e32010ce84172a4.jpg</path>
	<source>
		<database>roboflow.ai</database>
	</source>
	<size>
		<width>416</width>
		<height>416</height>
		<depth>3</depth>
	</size>
	<segmented>0</segmented>
	<object>
		<name>B</name>
		<pose>Unspecified</pose>
		<truncated>0</truncated>
		<difficult>0</difficult>
		<occluded>0</occluded>
		<bndbox>
			<xmin>259</xmin>
			<xmax>351</xmax>
			<ymin>142</ymin>
			<ymax>224</ymax>
		</bndbox>
	</object>
</annotation>
