<annotation>
	<folder></folder>
	<filename>B_1696_JPG.rf.d5106b9812b59061034d3c3d24d3ea47.jpg</filename>
	<path>B_1696_JPG.rf.d5106b9812b59061034d3c3d24d3ea47.jpg</path>
	<source>
		<database>roboflow.ai</database>
	</source>
	<size>
		<width>416</width>
		<height>416</height>
		<depth>3</depth>
	</size>
	<segmented>0</segmented>
	<object>
		<name>B</name>
		<pose>Unspecified</pose>
		<truncated>0</truncated>
		<difficult>0</difficult>
		<occluded>0</occluded>
		<bndbox>
			<xmin>134</xmin>
			<xmax>198</xmax>
			<ymin>139</ymin>
			<ymax>224</ymax>
		</bndbox>
	</object>
</annotation>
