<annotation>
	<folder></folder>
	<filename>B_1648_JPG.rf.015903d2b0aac08748f23a963d941850.jpg</filename>
	<path>B_1648_JPG.rf.015903d2b0aac08748f23a963d941850.jpg</path>
	<source>
		<database>roboflow.ai</database>
	</source>
	<size>
		<width>416</width>
		<height>416</height>
		<depth>3</depth>
	</size>
	<segmented>0</segmented>
	<object>
		<name>B</name>
		<pose>Unspecified</pose>
		<truncated>0</truncated>
		<difficult>0</difficult>
		<occluded>0</occluded>
		<bndbox>
			<xmin>74</xmin>
			<xmax>152</xmax>
			<ymin>154</ymin>
			<ymax>246</ymax>
		</bndbox>
	</object>
</annotation>
