<annotation>
	<folder></folder>
	<filename>B_1672_JPG.rf.8b545217fdadca449b5e61801637a705.jpg</filename>
	<path>B_1672_JPG.rf.8b545217fdadca449b5e61801637a705.jpg</path>
	<source>
		<database>roboflow.ai</database>
	</source>
	<size>
		<width>416</width>
		<height>416</height>
		<depth>3</depth>
	</size>
	<segmented>0</segmented>
	<object>
		<name>B</name>
		<pose>Unspecified</pose>
		<truncated>0</truncated>
		<difficult>0</difficult>
		<occluded>0</occluded>
		<bndbox>
			<xmin>99</xmin>
			<xmax>185</xmax>
			<ymin>160</ymin>
			<ymax>235</ymax>
		</bndbox>
	</object>
</annotation>
