<annotation>
	<folder></folder>
	<filename>B_1792_JPG.rf.146682da5da75193eb212739faef42ac.jpg</filename>
	<path>B_1792_JPG.rf.146682da5da75193eb212739faef42ac.jpg</path>
	<source>
		<database>roboflow.ai</database>
	</source>
	<size>
		<width>416</width>
		<height>416</height>
		<depth>3</depth>
	</size>
	<segmented>0</segmented>
	<object>
		<name>B</name>
		<pose>Unspecified</pose>
		<truncated>0</truncated>
		<difficult>0</difficult>
		<occluded>0</occluded>
		<bndbox>
			<xmin>44</xmin>
			<xmax>114</xmax>
			<ymin>164</ymin>
			<ymax>245</ymax>
		</bndbox>
	</object>
</annotation>
