<annotation>
	<folder></folder>
	<filename>B_1708_JPG.rf.87cecb259404477125bc9956f5523517.jpg</filename>
	<path>B_1708_JPG.rf.87cecb259404477125bc9956f5523517.jpg</path>
	<source>
		<database>roboflow.ai</database>
	</source>
	<size>
		<width>416</width>
		<height>416</height>
		<depth>3</depth>
	</size>
	<segmented>0</segmented>
	<object>
		<name>B</name>
		<pose>Unspecified</pose>
		<truncated>0</truncated>
		<difficult>0</difficult>
		<occluded>0</occluded>
		<bndbox>
			<xmin>220</xmin>
			<xmax>280</xmax>
			<ymin>149</ymin>
			<ymax>232</ymax>
		</bndbox>
	</object>
</annotation>
