<annotation>
	<folder></folder>
	<filename>B_1780_JPG.rf.0a9c08d047e6b6461c79c529bbc5b4f2.jpg</filename>
	<path>B_1780_JPG.rf.0a9c08d047e6b6461c79c529bbc5b4f2.jpg</path>
	<source>
		<database>roboflow.ai</database>
	</source>
	<size>
		<width>416</width>
		<height>416</height>
		<depth>3</depth>
	</size>
	<segmented>0</segmented>
	<object>
		<name>B</name>
		<pose>Unspecified</pose>
		<truncated>0</truncated>
		<difficult>0</difficult>
		<occluded>0</occluded>
		<bndbox>
			<xmin>324</xmin>
			<xmax>378</xmax>
			<ymin>174</ymin>
			<ymax>246</ymax>
		</bndbox>
	</object>
</annotation>
