<annotation>
	<folder></folder>
	<filename>B_1756_JPG.rf.4590342b85afcc55b6c8e4ab28afdef8.jpg</filename>
	<path>B_1756_JPG.rf.4590342b85afcc55b6c8e4ab28afdef8.jpg</path>
	<source>
		<database>roboflow.ai</database>
	</source>
	<size>
		<width>416</width>
		<height>416</height>
		<depth>3</depth>
	</size>
	<segmented>0</segmented>
	<object>
		<name>B</name>
		<pose>Unspecified</pose>
		<truncated>0</truncated>
		<difficult>0</difficult>
		<occluded>0</occluded>
		<bndbox>
			<xmin>75</xmin>
			<xmax>146</xmax>
			<ymin>161</ymin>
			<ymax>229</ymax>
		</bndbox>
	</object>
</annotation>
