<annotation>
	<folder></folder>
	<filename>B_1720_JPG.rf.ff9f4b4b27a2fa5c343ec48c9c4a409b.jpg</filename>
	<path>B_1720_JPG.rf.ff9f4b4b27a2fa5c343ec48c9c4a409b.jpg</path>
	<source>
		<database>roboflow.ai</database>
	</source>
	<size>
		<width>416</width>
		<height>416</height>
		<depth>3</depth>
	</size>
	<segmented>0</segmented>
	<object>
		<name>B</name>
		<pose>Unspecified</pose>
		<truncated>0</truncated>
		<difficult>0</difficult>
		<occluded>0</occluded>
		<bndbox>
			<xmin>201</xmin>
			<xmax>267</xmax>
			<ymin>77</ymin>
			<ymax>171</ymax>
		</bndbox>
	</object>
</annotation>
