<annotation>
	<folder></folder>
	<filename>B_1768_jpg.rf.342ccac62a8b2e7a14df86808f7b0f16.jpg</filename>
	<path>B_1768_jpg.rf.342ccac62a8b2e7a14df86808f7b0f16.jpg</path>
	<source>
		<database>roboflow.ai</database>
	</source>
	<size>
		<width>416</width>
		<height>416</height>
		<depth>3</depth>
	</size>
	<segmented>0</segmented>
	<object>
		<name>B</name>
		<pose>Unspecified</pose>
		<truncated>0</truncated>
		<difficult>0</difficult>
		<occluded>0</occluded>
		<bndbox>
			<xmin>49</xmin>
			<xmax>229</xmax>
			<ymin>44</ymin>
			<ymax>388</ymax>
		</bndbox>
	</object>
</annotation>
