<annotation>
	<folder></folder>
	<filename>B_1744_JPG.rf.f4e131d98758f88c7e0bcde238307320.jpg</filename>
	<path>B_1744_JPG.rf.f4e131d98758f88c7e0bcde238307320.jpg</path>
	<source>
		<database>roboflow.ai</database>
	</source>
	<size>
		<width>416</width>
		<height>416</height>
		<depth>3</depth>
	</size>
	<segmented>0</segmented>
	<object>
		<name>B</name>
		<pose>Unspecified</pose>
		<truncated>0</truncated>
		<difficult>0</difficult>
		<occluded>0</occluded>
		<bndbox>
			<xmin>200</xmin>
			<xmax>272</xmax>
			<ymin>132</ymin>
			<ymax>238</ymax>
		</bndbox>
	</object>
</annotation>
