<annotation>
	<folder></folder>
	<filename>B_1864_JPG.rf.a736fb16f53fbf3524cf6ed6aa882abe.jpg</filename>
	<path>B_1864_JPG.rf.a736fb16f53fbf3524cf6ed6aa882abe.jpg</path>
	<source>
		<database>roboflow.ai</database>
	</source>
	<size>
		<width>416</width>
		<height>416</height>
		<depth>3</depth>
	</size>
	<segmented>0</segmented>
	<object>
		<name>B</name>
		<pose>Unspecified</pose>
		<truncated>0</truncated>
		<difficult>0</difficult>
		<occluded>0</occluded>
		<bndbox>
			<xmin>218</xmin>
			<xmax>287</xmax>
			<ymin>137</ymin>
			<ymax>227</ymax>
		</bndbox>
	</object>
</annotation>
