<annotation>
	<folder></folder>
	<filename>B_1804_JPG.rf.22b980677ccc70a3af18574d0f4ceac1.jpg</filename>
	<path>B_1804_JPG.rf.22b980677ccc70a3af18574d0f4ceac1.jpg</path>
	<source>
		<database>roboflow.ai</database>
	</source>
	<size>
		<width>416</width>
		<height>416</height>
		<depth>3</depth>
	</size>
	<segmented>0</segmented>
	<object>
		<name>B</name>
		<pose>Unspecified</pose>
		<truncated>0</truncated>
		<difficult>0</difficult>
		<occluded>0</occluded>
		<bndbox>
			<xmin>277</xmin>
			<xmax>340</xmax>
			<ymin>177</ymin>
			<ymax>270</ymax>
		</bndbox>
	</object>
</annotation>
