<annotation>
	<folder></folder>
	<filename>B_1876_JPG.rf.f2a9e5ee27cc5129e6c12a31bfd264c9.jpg</filename>
	<path>B_1876_JPG.rf.f2a9e5ee27cc5129e6c12a31bfd264c9.jpg</path>
	<source>
		<database>roboflow.ai</database>
	</source>
	<size>
		<width>416</width>
		<height>416</height>
		<depth>3</depth>
	</size>
	<segmented>0</segmented>
	<object>
		<name>B</name>
		<pose>Unspecified</pose>
		<truncated>0</truncated>
		<difficult>0</difficult>
		<occluded>0</occluded>
		<bndbox>
			<xmin>125</xmin>
			<xmax>193</xmax>
			<ymin>131</ymin>
			<ymax>221</ymax>
		</bndbox>
	</object>
</annotation>
