<annotation>
	<folder></folder>
	<filename>B_1888_jpg.rf.482848a2aeecc1a414c6974b947de5c6.jpg</filename>
	<path>B_1888_jpg.rf.482848a2aeecc1a414c6974b947de5c6.jpg</path>
	<source>
		<database>roboflow.ai</database>
	</source>
	<size>
		<width>416</width>
		<height>416</height>
		<depth>3</depth>
	</size>
	<segmented>0</segmented>
	<object>
		<name>B</name>
		<pose>Unspecified</pose>
		<truncated>0</truncated>
		<difficult>0</difficult>
		<occluded>0</occluded>
		<bndbox>
			<xmin>206</xmin>
			<xmax>346</xmax>
			<ymin>93</ymin>
			<ymax>253</ymax>
		</bndbox>
	</object>
</annotation>
