<annotation>
	<folder></folder>
	<filename>B_1840_JPG.rf.d66a1bf2d372b46140faa6ffea7cbf74.jpg</filename>
	<path>B_1840_JPG.rf.d66a1bf2d372b46140faa6ffea7cbf74.jpg</path>
	<source>
		<database>roboflow.ai</database>
	</source>
	<size>
		<width>416</width>
		<height>416</height>
		<depth>3</depth>
	</size>
	<segmented>0</segmented>
	<object>
		<name>B</name>
		<pose>Unspecified</pose>
		<truncated>0</truncated>
		<difficult>0</difficult>
		<occluded>0</occluded>
		<bndbox>
			<xmin>105</xmin>
			<xmax>183</xmax>
			<ymin>210</ymin>
			<ymax>297</ymax>
		</bndbox>
	</object>
</annotation>
