<annotation>
	<folder></folder>
	<filename>B_1816_JPG.rf.a2577a38f398b030d02459026213d921.jpg</filename>
	<path>B_1816_JPG.rf.a2577a38f398b030d02459026213d921.jpg</path>
	<source>
		<database>roboflow.ai</database>
	</source>
	<size>
		<width>416</width>
		<height>416</height>
		<depth>3</depth>
	</size>
	<segmented>0</segmented>
	<object>
		<name>B</name>
		<pose>Unspecified</pose>
		<truncated>0</truncated>
		<difficult>0</difficult>
		<occluded>0</occluded>
		<bndbox>
			<xmin>300</xmin>
			<xmax>374</xmax>
			<ymin>104</ymin>
			<ymax>187</ymax>
		</bndbox>
	</object>
</annotation>
