<annotation>
	<folder></folder>
	<filename>B_1828_JPG.rf.6eac64e017d7d372deafa4c083b3f236.jpg</filename>
	<path>B_1828_JPG.rf.6eac64e017d7d372deafa4c083b3f236.jpg</path>
	<source>
		<database>roboflow.ai</database>
	</source>
	<size>
		<width>416</width>
		<height>416</height>
		<depth>3</depth>
	</size>
	<segmented>0</segmented>
	<object>
		<name>B</name>
		<pose>Unspecified</pose>
		<truncated>0</truncated>
		<difficult>0</difficult>
		<occluded>0</occluded>
		<bndbox>
			<xmin>125</xmin>
			<xmax>192</xmax>
			<ymin>105</ymin>
			<ymax>196</ymax>
		</bndbox>
	</object>
</annotation>
