<annotation>
	<folder></folder>
	<filename>B_1852_JPG.rf.e8fd29a56246750f49fd5573c99585f8.jpg</filename>
	<path>B_1852_JPG.rf.e8fd29a56246750f49fd5573c99585f8.jpg</path>
	<source>
		<database>roboflow.ai</database>
	</source>
	<size>
		<width>416</width>
		<height>416</height>
		<depth>3</depth>
	</size>
	<segmented>0</segmented>
	<object>
		<name>B</name>
		<pose>Unspecified</pose>
		<truncated>0</truncated>
		<difficult>0</difficult>
		<occluded>0</occluded>
		<bndbox>
			<xmin>233</xmin>
			<xmax>299</xmax>
			<ymin>198</ymin>
			<ymax>282</ymax>
		</bndbox>
	</object>
</annotation>
