<annotation>
	<folder></folder>
	<filename>B_1900_jpg.rf.7c827ad3ab4ce7d1f117e958726b4825.jpg</filename>
	<path>B_1900_jpg.rf.7c827ad3ab4ce7d1f117e958726b4825.jpg</path>
	<source>
		<database>roboflow.ai</database>
	</source>
	<size>
		<width>416</width>
		<height>416</height>
		<depth>3</depth>
	</size>
	<segmented>0</segmented>
	<object>
		<name>B</name>
		<pose>Unspecified</pose>
		<truncated>0</truncated>
		<difficult>0</difficult>
		<occluded>0</occluded>
		<bndbox>
			<xmin>82</xmin>
			<xmax>295</xmax>
			<ymin>46</ymin>
			<ymax>146</ymax>
		</bndbox>
	</object>
</annotation>
