<annotation>
	<folder></folder>
	<filename>B_1948_JPG.rf.edb39b6e2f6de78f9fb8dbfaaa3899b4.jpg</filename>
	<path>B_1948_JPG.rf.edb39b6e2f6de78f9fb8dbfaaa3899b4.jpg</path>
	<source>
		<database>roboflow.ai</database>
	</source>
	<size>
		<width>416</width>
		<height>416</height>
		<depth>3</depth>
	</size>
	<segmented>0</segmented>
	<object>
		<name>B</name>
		<pose>Unspecified</pose>
		<truncated>0</truncated>
		<difficult>0</difficult>
		<occluded>0</occluded>
		<bndbox>
			<xmin>41</xmin>
			<xmax>128</xmax>
			<ymin>161</ymin>
			<ymax>264</ymax>
		</bndbox>
	</object>
</annotation>
