<annotation>
	<folder></folder>
	<filename>B_1960_JPG.rf.72999b72e90bdd85ea2556a16574b893.jpg</filename>
	<path>B_1960_JPG.rf.72999b72e90bdd85ea2556a16574b893.jpg</path>
	<source>
		<database>roboflow.ai</database>
	</source>
	<size>
		<width>416</width>
		<height>416</height>
		<depth>3</depth>
	</size>
	<segmented>0</segmented>
	<object>
		<name>B</name>
		<pose>Unspecified</pose>
		<truncated>0</truncated>
		<difficult>0</difficult>
		<occluded>0</occluded>
		<bndbox>
			<xmin>150</xmin>
			<xmax>203</xmax>
			<ymin>180</ymin>
			<ymax>248</ymax>
		</bndbox>
	</object>
</annotation>
