<annotation>
	<folder></folder>
	<filename>B_1912_jpg.rf.ae0ecbdc84ca64abf9a7a76cbbfe5317.jpg</filename>
	<path>B_1912_jpg.rf.ae0ecbdc84ca64abf9a7a76cbbfe5317.jpg</path>
	<source>
		<database>roboflow.ai</database>
	</source>
	<size>
		<width>416</width>
		<height>416</height>
		<depth>3</depth>
	</size>
	<segmented>0</segmented>
	<object>
		<name>B</name>
		<pose>Unspecified</pose>
		<truncated>0</truncated>
		<difficult>0</difficult>
		<occluded>0</occluded>
		<bndbox>
			<xmin>1</xmin>
			<xmax>305</xmax>
			<ymin>259</ymin>
			<ymax>388</ymax>
		</bndbox>
	</object>
</annotation>
