<annotation>
	<folder></folder>
	<filename>B_1972_JPG.rf.326e81881f99816351304061c033ab41.jpg</filename>
	<path>B_1972_JPG.rf.326e81881f99816351304061c033ab41.jpg</path>
	<source>
		<database>roboflow.ai</database>
	</source>
	<size>
		<width>416</width>
		<height>416</height>
		<depth>3</depth>
	</size>
	<segmented>0</segmented>
	<object>
		<name>B</name>
		<pose>Unspecified</pose>
		<truncated>0</truncated>
		<difficult>0</difficult>
		<occluded>0</occluded>
		<bndbox>
			<xmin>247</xmin>
			<xmax>299</xmax>
			<ymin>163</ymin>
			<ymax>242</ymax>
		</bndbox>
	</object>
</annotation>
