<annotation>
	<folder></folder>
	<filename>B_1996_JPG.rf.f6f8b91939bc5160d81ce8c4b3c1d78c.jpg</filename>
	<path>B_1996_JPG.rf.f6f8b91939bc5160d81ce8c4b3c1d78c.jpg</path>
	<source>
		<database>roboflow.ai</database>
	</source>
	<size>
		<width>416</width>
		<height>416</height>
		<depth>3</depth>
	</size>
	<segmented>0</segmented>
	<object>
		<name>B</name>
		<pose>Unspecified</pose>
		<truncated>0</truncated>
		<difficult>0</difficult>
		<occluded>0</occluded>
		<bndbox>
			<xmin>253</xmin>
			<xmax>311</xmax>
			<ymin>165</ymin>
			<ymax>232</ymax>
		</bndbox>
	</object>
</annotation>
