<annotation>
	<folder></folder>
	<filename>B_1924_jpg.rf.b27e937bff6e0a08d21da5c8673e5ba6.jpg</filename>
	<path>B_1924_jpg.rf.b27e937bff6e0a08d21da5c8673e5ba6.jpg</path>
	<source>
		<database>roboflow.ai</database>
	</source>
	<size>
		<width>416</width>
		<height>416</height>
		<depth>3</depth>
	</size>
	<segmented>0</segmented>
	<object>
		<name>B</name>
		<pose>Unspecified</pose>
		<truncated>0</truncated>
		<difficult>0</difficult>
		<occluded>0</occluded>
		<bndbox>
			<xmin>277</xmin>
			<xmax>404</xmax>
			<ymin>90</ymin>
			<ymax>306</ymax>
		</bndbox>
	</object>
</annotation>
