<annotation>
	<folder></folder>
	<filename>B_1984_JPG.rf.7f9d5a14c0bfb82604fa7178cdd54c7e.jpg</filename>
	<path>B_1984_JPG.rf.7f9d5a14c0bfb82604fa7178cdd54c7e.jpg</path>
	<source>
		<database>roboflow.ai</database>
	</source>
	<size>
		<width>416</width>
		<height>416</height>
		<depth>3</depth>
	</size>
	<segmented>0</segmented>
	<object>
		<name>B</name>
		<pose>Unspecified</pose>
		<truncated>0</truncated>
		<difficult>0</difficult>
		<occluded>0</occluded>
		<bndbox>
			<xmin>159</xmin>
			<xmax>219</xmax>
			<ymin>199</ymin>
			<ymax>269</ymax>
		</bndbox>
	</object>
</annotation>
