<annotation>
	<folder></folder>
	<filename>B_1936_jpg.rf.88bab770ee8235844422b57687eb67a4.jpg</filename>
	<path>B_1936_jpg.rf.88bab770ee8235844422b57687eb67a4.jpg</path>
	<source>
		<database>roboflow.ai</database>
	</source>
	<size>
		<width>416</width>
		<height>416</height>
		<depth>3</depth>
	</size>
	<segmented>0</segmented>
	<object>
		<name>B</name>
		<pose>Unspecified</pose>
		<truncated>0</truncated>
		<difficult>0</difficult>
		<occluded>0</occluded>
		<bndbox>
			<xmin>234</xmin>
			<xmax>417</xmax>
			<ymin>60</ymin>
			<ymax>292</ymax>
		</bndbox>
	</object>
</annotation>
