<annotation>
	<folder></folder>
	<filename>B_2032_JPG.rf.8cc3e4568dc3cc614571c5bff252a548.jpg</filename>
	<path>B_2032_JPG.rf.8cc3e4568dc3cc614571c5bff252a548.jpg</path>
	<source>
		<database>roboflow.ai</database>
	</source>
	<size>
		<width>416</width>
		<height>416</height>
		<depth>3</depth>
	</size>
	<segmented>0</segmented>
	<object>
		<name>B</name>
		<pose>Unspecified</pose>
		<truncated>0</truncated>
		<difficult>0</difficult>
		<occluded>0</occluded>
		<bndbox>
			<xmin>65</xmin>
			<xmax>139</xmax>
			<ymin>165</ymin>
			<ymax>253</ymax>
		</bndbox>
	</object>
</annotation>
