<annotation>
	<folder></folder>
	<filename>B_2056_JPG.rf.cdcb9fa8b55a11c4189e81f6dd1b886c.jpg</filename>
	<path>B_2056_JPG.rf.cdcb9fa8b55a11c4189e81f6dd1b886c.jpg</path>
	<source>
		<database>roboflow.ai</database>
	</source>
	<size>
		<width>416</width>
		<height>416</height>
		<depth>3</depth>
	</size>
	<segmented>0</segmented>
	<object>
		<name>B</name>
		<pose>Unspecified</pose>
		<truncated>0</truncated>
		<difficult>0</difficult>
		<occluded>0</occluded>
		<bndbox>
			<xmin>96</xmin>
			<xmax>190</xmax>
			<ymin>154</ymin>
			<ymax>250</ymax>
		</bndbox>
	</object>
</annotation>
