<annotation>
	<folder></folder>
	<filename>B_2080_JPG.rf.28eb02164a985e44bd7d7aacd329f789.jpg</filename>
	<path>B_2080_JPG.rf.28eb02164a985e44bd7d7aacd329f789.jpg</path>
	<source>
		<database>roboflow.ai</database>
	</source>
	<size>
		<width>416</width>
		<height>416</height>
		<depth>3</depth>
	</size>
	<segmented>0</segmented>
	<object>
		<name>B</name>
		<pose>Unspecified</pose>
		<truncated>0</truncated>
		<difficult>0</difficult>
		<occluded>0</occluded>
		<bndbox>
			<xmin>66</xmin>
			<xmax>137</xmax>
			<ymin>150</ymin>
			<ymax>236</ymax>
		</bndbox>
	</object>
</annotation>
