<annotation>
	<folder></folder>
	<filename>B_2044_JPG.rf.cd4aaf80ca655b53193673a126c88e59.jpg</filename>
	<path>B_2044_JPG.rf.cd4aaf80ca655b53193673a126c88e59.jpg</path>
	<source>
		<database>roboflow.ai</database>
	</source>
	<size>
		<width>416</width>
		<height>416</height>
		<depth>3</depth>
	</size>
	<segmented>0</segmented>
	<object>
		<name>B</name>
		<pose>Unspecified</pose>
		<truncated>0</truncated>
		<difficult>0</difficult>
		<occluded>0</occluded>
		<bndbox>
			<xmin>227</xmin>
			<xmax>313</xmax>
			<ymin>143</ymin>
			<ymax>237</ymax>
		</bndbox>
	</object>
</annotation>
