<annotation>
	<folder></folder>
	<filename>B_2008_JPG.rf.92fcdb30f1577b49ab5afb0c2c573bf8.jpg</filename>
	<path>B_2008_JPG.rf.92fcdb30f1577b49ab5afb0c2c573bf8.jpg</path>
	<source>
		<database>roboflow.ai</database>
	</source>
	<size>
		<width>416</width>
		<height>416</height>
		<depth>3</depth>
	</size>
	<segmented>0</segmented>
	<object>
		<name>B</name>
		<pose>Unspecified</pose>
		<truncated>0</truncated>
		<difficult>0</difficult>
		<occluded>0</occluded>
		<bndbox>
			<xmin>42</xmin>
			<xmax>138</xmax>
			<ymin>146</ymin>
			<ymax>232</ymax>
		</bndbox>
	</object>
</annotation>
