<annotation>
	<folder></folder>
	<filename>B_2092_JPG.rf.4fd17960948f3797a5c7bdf293d83307.jpg</filename>
	<path>B_2092_JPG.rf.4fd17960948f3797a5c7bdf293d83307.jpg</path>
	<source>
		<database>roboflow.ai</database>
	</source>
	<size>
		<width>416</width>
		<height>416</height>
		<depth>3</depth>
	</size>
	<segmented>0</segmented>
	<object>
		<name>B</name>
		<pose>Unspecified</pose>
		<truncated>0</truncated>
		<difficult>0</difficult>
		<occluded>0</occluded>
		<bndbox>
			<xmin>250</xmin>
			<xmax>307</xmax>
			<ymin>163</ymin>
			<ymax>235</ymax>
		</bndbox>
	</object>
</annotation>
