<annotation>
	<folder></folder>
	<filename>B_2068_JPG.rf.1acb1bd025742a623ecf9f14f93e9050.jpg</filename>
	<path>B_2068_JPG.rf.1acb1bd025742a623ecf9f14f93e9050.jpg</path>
	<source>
		<database>roboflow.ai</database>
	</source>
	<size>
		<width>416</width>
		<height>416</height>
		<depth>3</depth>
	</size>
	<segmented>0</segmented>
	<object>
		<name>B</name>
		<pose>Unspecified</pose>
		<truncated>0</truncated>
		<difficult>0</difficult>
		<occluded>0</occluded>
		<bndbox>
			<xmin>245</xmin>
			<xmax>316</xmax>
			<ymin>124</ymin>
			<ymax>236</ymax>
		</bndbox>
	</object>
</annotation>
