<annotation>
	<folder></folder>
	<filename>B_2020_JPG.rf.b92fabd752c6723bdda39430582ff41d.jpg</filename>
	<path>B_2020_JPG.rf.b92fabd752c6723bdda39430582ff41d.jpg</path>
	<source>
		<database>roboflow.ai</database>
	</source>
	<size>
		<width>416</width>
		<height>416</height>
		<depth>3</depth>
	</size>
	<segmented>0</segmented>
	<object>
		<name>B</name>
		<pose>Unspecified</pose>
		<truncated>0</truncated>
		<difficult>0</difficult>
		<occluded>0</occluded>
		<bndbox>
			<xmin>270</xmin>
			<xmax>355</xmax>
			<ymin>130</ymin>
			<ymax>217</ymax>
		</bndbox>
	</object>
</annotation>
