<annotation>
	<folder></folder>
	<filename>B_2164_jpeg.rf.c8b8fd4ab32a5d8bb68332703dacb383.jpg</filename>
	<path>B_2164_jpeg.rf.c8b8fd4ab32a5d8bb68332703dacb383.jpg</path>
	<source>
		<database>roboflow.ai</database>
	</source>
	<size>
		<width>416</width>
		<height>416</height>
		<depth>3</depth>
	</size>
	<segmented>0</segmented>
	<object>
		<name>B</name>
		<pose>Unspecified</pose>
		<truncated>0</truncated>
		<difficult>0</difficult>
		<occluded>0</occluded>
		<bndbox>
			<xmin>105</xmin>
			<xmax>196</xmax>
			<ymin>237</ymin>
			<ymax>395</ymax>
		</bndbox>
	</object>
</annotation>
