<annotation>
	<folder></folder>
	<filename>B_2140_jpeg.rf.824d7c468790381b4d6cfec8f7260aef.jpg</filename>
	<path>B_2140_jpeg.rf.824d7c468790381b4d6cfec8f7260aef.jpg</path>
	<source>
		<database>roboflow.ai</database>
	</source>
	<size>
		<width>416</width>
		<height>416</height>
		<depth>3</depth>
	</size>
	<segmented>0</segmented>
	<object>
		<name>B</name>
		<pose>Unspecified</pose>
		<truncated>0</truncated>
		<difficult>0</difficult>
		<occluded>0</occluded>
		<bndbox>
			<xmin>92</xmin>
			<xmax>201</xmax>
			<ymin>129</ymin>
			<ymax>302</ymax>
		</bndbox>
	</object>
</annotation>
