<annotation>
	<folder></folder>
	<filename>B_2116_jpeg.rf.559d1b697168dec1f3ac06a8bc4681ca.jpg</filename>
	<path>B_2116_jpeg.rf.559d1b697168dec1f3ac06a8bc4681ca.jpg</path>
	<source>
		<database>roboflow.ai</database>
	</source>
	<size>
		<width>416</width>
		<height>416</height>
		<depth>3</depth>
	</size>
	<segmented>0</segmented>
	<object>
		<name>B</name>
		<pose>Unspecified</pose>
		<truncated>0</truncated>
		<difficult>0</difficult>
		<occluded>0</occluded>
		<bndbox>
			<xmin>207</xmin>
			<xmax>360</xmax>
			<ymin>95</ymin>
			<ymax>285</ymax>
		</bndbox>
	</object>
</annotation>
