<annotation>
	<folder></folder>
	<filename>B_2188_jpeg.rf.26c46949a69d540db10cce1486ef6af9.jpg</filename>
	<path>B_2188_jpeg.rf.26c46949a69d540db10cce1486ef6af9.jpg</path>
	<source>
		<database>roboflow.ai</database>
	</source>
	<size>
		<width>416</width>
		<height>416</height>
		<depth>3</depth>
	</size>
	<segmented>0</segmented>
	<object>
		<name>B</name>
		<pose>Unspecified</pose>
		<truncated>0</truncated>
		<difficult>0</difficult>
		<occluded>0</occluded>
		<bndbox>
			<xmin>175</xmin>
			<xmax>379</xmax>
			<ymin>36</ymin>
			<ymax>355</ymax>
		</bndbox>
	</object>
</annotation>
