<annotation>
	<folder></folder>
	<filename>B_2104_jpg.rf.8e029805d99201f02efbafd4dbc713f4.jpg</filename>
	<path>B_2104_jpg.rf.8e029805d99201f02efbafd4dbc713f4.jpg</path>
	<source>
		<database>roboflow.ai</database>
	</source>
	<size>
		<width>416</width>
		<height>416</height>
		<depth>3</depth>
	</size>
	<segmented>0</segmented>
	<object>
		<name>B</name>
		<pose>Unspecified</pose>
		<truncated>0</truncated>
		<difficult>0</difficult>
		<occluded>0</occluded>
		<bndbox>
			<xmin>28</xmin>
			<xmax>212</xmax>
			<ymin>85</ymin>
			<ymax>368</ymax>
		</bndbox>
	</object>
</annotation>
