<annotation>
	<folder></folder>
	<filename>B_2128_jpeg.rf.8df6b6ab4c8865fffb7c78132253da2e.jpg</filename>
	<path>B_2128_jpeg.rf.8df6b6ab4c8865fffb7c78132253da2e.jpg</path>
	<source>
		<database>roboflow.ai</database>
	</source>
	<size>
		<width>416</width>
		<height>416</height>
		<depth>3</depth>
	</size>
	<segmented>0</segmented>
	<object>
		<name>B</name>
		<pose>Unspecified</pose>
		<truncated>0</truncated>
		<difficult>0</difficult>
		<occluded>0</occluded>
		<bndbox>
			<xmin>108</xmin>
			<xmax>178</xmax>
			<ymin>73</ymin>
			<ymax>194</ymax>
		</bndbox>
	</object>
</annotation>
