<annotation>
	<folder></folder>
	<filename>B_2176_jpeg.rf.8892f1400019a477cee6cf462e2b4986.jpg</filename>
	<path>B_2176_jpeg.rf.8892f1400019a477cee6cf462e2b4986.jpg</path>
	<source>
		<database>roboflow.ai</database>
	</source>
	<size>
		<width>416</width>
		<height>416</height>
		<depth>3</depth>
	</size>
	<segmented>0</segmented>
	<object>
		<name>B</name>
		<pose>Unspecified</pose>
		<truncated>0</truncated>
		<difficult>0</difficult>
		<occluded>0</occluded>
		<bndbox>
			<xmin>222</xmin>
			<xmax>347</xmax>
			<ymin>117</ymin>
			<ymax>347</ymax>
		</bndbox>
	</object>
</annotation>
