<annotation>
	<folder></folder>
	<filename>B_2152_jpeg.rf.549cb6d0a4b549389134226175e6a507.jpg</filename>
	<path>B_2152_jpeg.rf.549cb6d0a4b549389134226175e6a507.jpg</path>
	<source>
		<database>roboflow.ai</database>
	</source>
	<size>
		<width>416</width>
		<height>416</height>
		<depth>3</depth>
	</size>
	<segmented>0</segmented>
	<object>
		<name>B</name>
		<pose>Unspecified</pose>
		<truncated>0</truncated>
		<difficult>0</difficult>
		<occluded>0</occluded>
		<bndbox>
			<xmin>138</xmin>
			<xmax>281</xmax>
			<ymin>114</ymin>
			<ymax>334</ymax>
		</bndbox>
	</object>
</annotation>
