<annotation>
	<folder></folder>
	<filename>B_2284_JPG.rf.b1fecaa6863db15095f6e559b2d06025.jpg</filename>
	<path>B_2284_JPG.rf.b1fecaa6863db15095f6e559b2d06025.jpg</path>
	<source>
		<database>roboflow.ai</database>
	</source>
	<size>
		<width>416</width>
		<height>416</height>
		<depth>3</depth>
	</size>
	<segmented>0</segmented>
	<object>
		<name>B</name>
		<pose>Unspecified</pose>
		<truncated>0</truncated>
		<difficult>0</difficult>
		<occluded>0</occluded>
		<bndbox>
			<xmin>82</xmin>
			<xmax>157</xmax>
			<ymin>142</ymin>
			<ymax>228</ymax>
		</bndbox>
	</object>
</annotation>
