<annotation>
	<folder></folder>
	<filename>B_2260_JPG.rf.ccfdb6090869af083e4e607cf384ccdf.jpg</filename>
	<path>B_2260_JPG.rf.ccfdb6090869af083e4e607cf384ccdf.jpg</path>
	<source>
		<database>roboflow.ai</database>
	</source>
	<size>
		<width>416</width>
		<height>416</height>
		<depth>3</depth>
	</size>
	<segmented>0</segmented>
	<object>
		<name>B</name>
		<pose>Unspecified</pose>
		<truncated>0</truncated>
		<difficult>0</difficult>
		<occluded>0</occluded>
		<bndbox>
			<xmin>38</xmin>
			<xmax>114</xmax>
			<ymin>148</ymin>
			<ymax>239</ymax>
		</bndbox>
	</object>
</annotation>
