<annotation>
	<folder></folder>
	<filename>B_2248_JPG.rf.0815ea134e1ab48e9c8d485d23efa68d.jpg</filename>
	<path>B_2248_JPG.rf.0815ea134e1ab48e9c8d485d23efa68d.jpg</path>
	<source>
		<database>roboflow.ai</database>
	</source>
	<size>
		<width>416</width>
		<height>416</height>
		<depth>3</depth>
	</size>
	<segmented>0</segmented>
	<object>
		<name>B</name>
		<pose>Unspecified</pose>
		<truncated>0</truncated>
		<difficult>0</difficult>
		<occluded>0</occluded>
		<bndbox>
			<xmin>245</xmin>
			<xmax>318</xmax>
			<ymin>136</ymin>
			<ymax>237</ymax>
		</bndbox>
	</object>
</annotation>
