<annotation>
	<folder></folder>
	<filename>B_2296_JPG.rf.4bc6617cd79d8f4bc9191b7d67a48750.jpg</filename>
	<path>B_2296_JPG.rf.4bc6617cd79d8f4bc9191b7d67a48750.jpg</path>
	<source>
		<database>roboflow.ai</database>
	</source>
	<size>
		<width>416</width>
		<height>416</height>
		<depth>3</depth>
	</size>
	<segmented>0</segmented>
	<object>
		<name>B</name>
		<pose>Unspecified</pose>
		<truncated>0</truncated>
		<difficult>0</difficult>
		<occluded>0</occluded>
		<bndbox>
			<xmin>231</xmin>
			<xmax>303</xmax>
			<ymin>136</ymin>
			<ymax>224</ymax>
		</bndbox>
	</object>
</annotation>
