<annotation>
	<folder></folder>
	<filename>B_2200_jpeg.rf.9c9fb73ee3843bb64ee99119e0a75c0c.jpg</filename>
	<path>B_2200_jpeg.rf.9c9fb73ee3843bb64ee99119e0a75c0c.jpg</path>
	<source>
		<database>roboflow.ai</database>
	</source>
	<size>
		<width>416</width>
		<height>416</height>
		<depth>3</depth>
	</size>
	<segmented>0</segmented>
	<object>
		<name>B</name>
		<pose>Unspecified</pose>
		<truncated>0</truncated>
		<difficult>0</difficult>
		<occluded>0</occluded>
		<bndbox>
			<xmin>266</xmin>
			<xmax>390</xmax>
			<ymin>13</ymin>
			<ymax>217</ymax>
		</bndbox>
	</object>
</annotation>
