<annotation>
	<folder></folder>
	<filename>B_2272_JPG.rf.3311887e53506b0e717f55f799ca3c7f.jpg</filename>
	<path>B_2272_JPG.rf.3311887e53506b0e717f55f799ca3c7f.jpg</path>
	<source>
		<database>roboflow.ai</database>
	</source>
	<size>
		<width>416</width>
		<height>416</height>
		<depth>3</depth>
	</size>
	<segmented>0</segmented>
	<object>
		<name>B</name>
		<pose>Unspecified</pose>
		<truncated>0</truncated>
		<difficult>0</difficult>
		<occluded>0</occluded>
		<bndbox>
			<xmin>273</xmin>
			<xmax>336</xmax>
			<ymin>167</ymin>
			<ymax>239</ymax>
		</bndbox>
	</object>
</annotation>
