<annotation>
	<folder></folder>
	<filename>B_2224_jpeg.rf.47a64da35f6f465bc91f9f09c01ae5c6.jpg</filename>
	<path>B_2224_jpeg.rf.47a64da35f6f465bc91f9f09c01ae5c6.jpg</path>
	<source>
		<database>roboflow.ai</database>
	</source>
	<size>
		<width>416</width>
		<height>416</height>
		<depth>3</depth>
	</size>
	<segmented>0</segmented>
	<object>
		<name>B</name>
		<pose>Unspecified</pose>
		<truncated>0</truncated>
		<difficult>0</difficult>
		<occluded>0</occluded>
		<bndbox>
			<xmin>122</xmin>
			<xmax>321</xmax>
			<ymin>59</ymin>
			<ymax>377</ymax>
		</bndbox>
	</object>
</annotation>
