<annotation>
	<folder></folder>
	<filename>B_2212_jpeg.rf.52e980dec62e9778dd09f84d084b6a3c.jpg</filename>
	<path>B_2212_jpeg.rf.52e980dec62e9778dd09f84d084b6a3c.jpg</path>
	<source>
		<database>roboflow.ai</database>
	</source>
	<size>
		<width>416</width>
		<height>416</height>
		<depth>3</depth>
	</size>
	<segmented>0</segmented>
	<object>
		<name>B</name>
		<pose>Unspecified</pose>
		<truncated>0</truncated>
		<difficult>0</difficult>
		<occluded>0</occluded>
		<bndbox>
			<xmin>24</xmin>
			<xmax>208</xmax>
			<ymin>147</ymin>
			<ymax>380</ymax>
		</bndbox>
	</object>
</annotation>
