<annotation>
	<folder></folder>
	<filename>C_2320_JPG.rf.249120ac94d163cb9f4ecedafe5b0bf4.jpg</filename>
	<path>C_2320_JPG.rf.249120ac94d163cb9f4ecedafe5b0bf4.jpg</path>
	<source>
		<database>roboflow.ai</database>
	</source>
	<size>
		<width>416</width>
		<height>416</height>
		<depth>3</depth>
	</size>
	<segmented>0</segmented>
	<object>
		<name>C</name>
		<pose>Unspecified</pose>
		<truncated>0</truncated>
		<difficult>0</difficult>
		<occluded>0</occluded>
		<bndbox>
			<xmin>27</xmin>
			<xmax>121</xmax>
			<ymin>186</ymin>
			<ymax>231</ymax>
		</bndbox>
	</object>
</annotation>
