<annotation>
	<folder></folder>
	<filename>C_2356_JPG.rf.500c73bee6b245271e6ea379e1d9ba77.jpg</filename>
	<path>C_2356_JPG.rf.500c73bee6b245271e6ea379e1d9ba77.jpg</path>
	<source>
		<database>roboflow.ai</database>
	</source>
	<size>
		<width>416</width>
		<height>416</height>
		<depth>3</depth>
	</size>
	<segmented>0</segmented>
	<object>
		<name>C</name>
		<pose>Unspecified</pose>
		<truncated>0</truncated>
		<difficult>0</difficult>
		<occluded>0</occluded>
		<bndbox>
			<xmin>272</xmin>
			<xmax>356</xmax>
			<ymin>184</ymin>
			<ymax>223</ymax>
		</bndbox>
	</object>
</annotation>
