<annotation>
	<folder></folder>
	<filename>C_2344_JPG.rf.a51cd374cb814cbf21bf0112741a66b9.jpg</filename>
	<path>C_2344_JPG.rf.a51cd374cb814cbf21bf0112741a66b9.jpg</path>
	<source>
		<database>roboflow.ai</database>
	</source>
	<size>
		<width>416</width>
		<height>416</height>
		<depth>3</depth>
	</size>
	<segmented>0</segmented>
	<object>
		<name>C</name>
		<pose>Unspecified</pose>
		<truncated>0</truncated>
		<difficult>0</difficult>
		<occluded>0</occluded>
		<bndbox>
			<xmin>77</xmin>
			<xmax>164</xmax>
			<ymin>194</ymin>
			<ymax>237</ymax>
		</bndbox>
	</object>
</annotation>
