<annotation>
	<folder></folder>
	<filename>C_2380_JPG.rf.1b6be12883fe2a7c666999366b9a5995.jpg</filename>
	<path>C_2380_JPG.rf.1b6be12883fe2a7c666999366b9a5995.jpg</path>
	<source>
		<database>roboflow.ai</database>
	</source>
	<size>
		<width>416</width>
		<height>416</height>
		<depth>3</depth>
	</size>
	<segmented>0</segmented>
	<object>
		<name>C</name>
		<pose>Unspecified</pose>
		<truncated>0</truncated>
		<difficult>0</difficult>
		<occluded>0</occluded>
		<bndbox>
			<xmin>82</xmin>
			<xmax>199</xmax>
			<ymin>135</ymin>
			<ymax>191</ymax>
		</bndbox>
	</object>
</annotation>
