<annotation>
	<folder></folder>
	<filename>C_2368_JPG.rf.7554a7c038c5232b7926467275d3b7c6.jpg</filename>
	<path>C_2368_JPG.rf.7554a7c038c5232b7926467275d3b7c6.jpg</path>
	<source>
		<database>roboflow.ai</database>
	</source>
	<size>
		<width>416</width>
		<height>416</height>
		<depth>3</depth>
	</size>
	<segmented>0</segmented>
	<object>
		<name>C</name>
		<pose>Unspecified</pose>
		<truncated>0</truncated>
		<difficult>0</difficult>
		<occluded>0</occluded>
		<bndbox>
			<xmin>247</xmin>
			<xmax>372</xmax>
			<ymin>154</ymin>
			<ymax>199</ymax>
		</bndbox>
	</object>
</annotation>
