<annotation>
	<folder></folder>
	<filename>C_2392_JPG.rf.31ccac32bb7fa1833c08015e4e605efb.jpg</filename>
	<path>C_2392_JPG.rf.31ccac32bb7fa1833c08015e4e605efb.jpg</path>
	<source>
		<database>roboflow.ai</database>
	</source>
	<size>
		<width>416</width>
		<height>416</height>
		<depth>3</depth>
	</size>
	<segmented>0</segmented>
	<object>
		<name>C</name>
		<pose>Unspecified</pose>
		<truncated>0</truncated>
		<difficult>0</difficult>
		<occluded>0</occluded>
		<bndbox>
			<xmin>56</xmin>
			<xmax>152</xmax>
			<ymin>237</ymin>
			<ymax>295</ymax>
		</bndbox>
	</object>
</annotation>
