<annotation>
	<folder></folder>
	<filename>C_2308_jpg.rf.65b47949cc2149a5b9d517048358f4b1.jpg</filename>
	<path>C_2308_jpg.rf.65b47949cc2149a5b9d517048358f4b1.jpg</path>
	<source>
		<database>roboflow.ai</database>
	</source>
	<size>
		<width>416</width>
		<height>416</height>
		<depth>3</depth>
	</size>
	<segmented>0</segmented>
	<object>
		<name>C</name>
		<pose>Unspecified</pose>
		<truncated>0</truncated>
		<difficult>0</difficult>
		<occluded>0</occluded>
		<bndbox>
			<xmin>33</xmin>
			<xmax>332</xmax>
			<ymin>41</ymin>
			<ymax>290</ymax>
		</bndbox>
	</object>
</annotation>
