<annotation>
	<folder></folder>
	<filename>C_2332_JPG.rf.72c73d6669b838eb8eca198ef7e79922.jpg</filename>
	<path>C_2332_JPG.rf.72c73d6669b838eb8eca198ef7e79922.jpg</path>
	<source>
		<database>roboflow.ai</database>
	</source>
	<size>
		<width>416</width>
		<height>416</height>
		<depth>3</depth>
	</size>
	<segmented>0</segmented>
	<object>
		<name>C</name>
		<pose>Unspecified</pose>
		<truncated>0</truncated>
		<difficult>0</difficult>
		<occluded>0</occluded>
		<bndbox>
			<xmin>273</xmin>
			<xmax>364</xmax>
			<ymin>196</ymin>
			<ymax>234</ymax>
		</bndbox>
	</object>
</annotation>
