<annotation>
	<folder></folder>
	<filename>C_2404_JPG.rf.d5f8d9296106cd83648ee9d8a6cc0234.jpg</filename>
	<path>C_2404_JPG.rf.d5f8d9296106cd83648ee9d8a6cc0234.jpg</path>
	<source>
		<database>roboflow.ai</database>
	</source>
	<size>
		<width>416</width>
		<height>416</height>
		<depth>3</depth>
	</size>
	<segmented>0</segmented>
	<object>
		<name>C</name>
		<pose>Unspecified</pose>
		<truncated>0</truncated>
		<difficult>0</difficult>
		<occluded>0</occluded>
		<bndbox>
			<xmin>202</xmin>
			<xmax>287</xmax>
			<ymin>229</ymin>
			<ymax>280</ymax>
		</bndbox>
	</object>
</annotation>
