<annotation>
	<folder></folder>
	<filename>C_2416_JPG.rf.216a444dc78cc0ec646a215ad2f57f21.jpg</filename>
	<path>C_2416_JPG.rf.216a444dc78cc0ec646a215ad2f57f21.jpg</path>
	<source>
		<database>roboflow.ai</database>
	</source>
	<size>
		<width>416</width>
		<height>416</height>
		<depth>3</depth>
	</size>
	<segmented>0</segmented>
	<object>
		<name>C</name>
		<pose>Unspecified</pose>
		<truncated>0</truncated>
		<difficult>0</difficult>
		<occluded>0</occluded>
		<bndbox>
			<xmin>191</xmin>
			<xmax>315</xmax>
			<ymin>161</ymin>
			<ymax>210</ymax>
		</bndbox>
	</object>
</annotation>
