<annotation>
	<folder></folder>
	<filename>C_2452_jpg.rf.67950b3c67ec5d22bb7a536572354cd7.jpg</filename>
	<path>C_2452_jpg.rf.67950b3c67ec5d22bb7a536572354cd7.jpg</path>
	<source>
		<database>roboflow.ai</database>
	</source>
	<size>
		<width>416</width>
		<height>416</height>
		<depth>3</depth>
	</size>
	<segmented>0</segmented>
	<object>
		<name>C</name>
		<pose>Unspecified</pose>
		<truncated>0</truncated>
		<difficult>0</difficult>
		<occluded>0</occluded>
		<bndbox>
			<xmin>117</xmin>
			<xmax>334</xmax>
			<ymin>110</ymin>
			<ymax>259</ymax>
		</bndbox>
	</object>
</annotation>
