<annotation>
	<folder></folder>
	<filename>C_2488_jpg.rf.e3445a23ab32516facc1a154ea3cde7f.jpg</filename>
	<path>C_2488_jpg.rf.e3445a23ab32516facc1a154ea3cde7f.jpg</path>
	<source>
		<database>roboflow.ai</database>
	</source>
	<size>
		<width>416</width>
		<height>416</height>
		<depth>3</depth>
	</size>
	<segmented>0</segmented>
	<object>
		<name>C</name>
		<pose>Unspecified</pose>
		<truncated>0</truncated>
		<difficult>0</difficult>
		<occluded>0</occluded>
		<bndbox>
			<xmin>259</xmin>
			<xmax>417</xmax>
			<ymin>109</ymin>
			<ymax>272</ymax>
		</bndbox>
	</object>
</annotation>
