<annotation>
	<folder></folder>
	<filename>C_2464_jpg.rf.333c59cdce21dc07369656f871f6b8b6.jpg</filename>
	<path>C_2464_jpg.rf.333c59cdce21dc07369656f871f6b8b6.jpg</path>
	<source>
		<database>roboflow.ai</database>
	</source>
	<size>
		<width>416</width>
		<height>416</height>
		<depth>3</depth>
	</size>
	<segmented>0</segmented>
	<object>
		<name>C</name>
		<pose>Unspecified</pose>
		<truncated>0</truncated>
		<difficult>0</difficult>
		<occluded>0</occluded>
		<bndbox>
			<xmin>181</xmin>
			<xmax>417</xmax>
			<ymin>190</ymin>
			<ymax>393</ymax>
		</bndbox>
	</object>
</annotation>
