<annotation>
	<folder></folder>
	<filename>C_2476_jpg.rf.fdaec038c51f3ffd1faf4f543d6c6aa3.jpg</filename>
	<path>C_2476_jpg.rf.fdaec038c51f3ffd1faf4f543d6c6aa3.jpg</path>
	<source>
		<database>roboflow.ai</database>
	</source>
	<size>
		<width>416</width>
		<height>416</height>
		<depth>3</depth>
	</size>
	<segmented>0</segmented>
	<object>
		<name>C</name>
		<pose>Unspecified</pose>
		<truncated>0</truncated>
		<difficult>0</difficult>
		<occluded>0</occluded>
		<bndbox>
			<xmin>13</xmin>
			<xmax>293</xmax>
			<ymin>239</ymin>
			<ymax>363</ymax>
		</bndbox>
	</object>
</annotation>
