<annotation>
	<folder></folder>
	<filename>C_2428_JPG.rf.442805dea299f8f5dc93686dc937bd8c.jpg</filename>
	<path>C_2428_JPG.rf.442805dea299f8f5dc93686dc937bd8c.jpg</path>
	<source>
		<database>roboflow.ai</database>
	</source>
	<size>
		<width>416</width>
		<height>416</height>
		<depth>3</depth>
	</size>
	<segmented>0</segmented>
	<object>
		<name>C</name>
		<pose>Unspecified</pose>
		<truncated>0</truncated>
		<difficult>0</difficult>
		<occluded>0</occluded>
		<bndbox>
			<xmin>102</xmin>
			<xmax>197</xmax>
			<ymin>182</ymin>
			<ymax>224</ymax>
		</bndbox>
	</object>
</annotation>
