<annotation>
	<folder></folder>
	<filename>C_2440_jpg.rf.77c8a3735246fa83429227cbd1dca30d.jpg</filename>
	<path>C_2440_jpg.rf.77c8a3735246fa83429227cbd1dca30d.jpg</path>
	<source>
		<database>roboflow.ai</database>
	</source>
	<size>
		<width>416</width>
		<height>416</height>
		<depth>3</depth>
	</size>
	<segmented>0</segmented>
	<object>
		<name>C</name>
		<pose>Unspecified</pose>
		<truncated>0</truncated>
		<difficult>0</difficult>
		<occluded>0</occluded>
		<bndbox>
			<xmin>141</xmin>
			<xmax>398</xmax>
			<ymin>126</ymin>
			<ymax>311</ymax>
		</bndbox>
	</object>
</annotation>
