<annotation>
	<folder></folder>
	<filename>C_2548_JPG.rf.f8737519953a942e2c5114ad9c5ed4e2.jpg</filename>
	<path>C_2548_JPG.rf.f8737519953a942e2c5114ad9c5ed4e2.jpg</path>
	<source>
		<database>roboflow.ai</database>
	</source>
	<size>
		<width>416</width>
		<height>416</height>
		<depth>3</depth>
	</size>
	<segmented>0</segmented>
	<object>
		<name>C</name>
		<pose>Unspecified</pose>
		<truncated>0</truncated>
		<difficult>0</difficult>
		<occluded>0</occluded>
		<bndbox>
			<xmin>220</xmin>
			<xmax>327</xmax>
			<ymin>172</ymin>
			<ymax>221</ymax>
		</bndbox>
	</object>
</annotation>
