<annotation>
	<folder></folder>
	<filename>C_2560_JPG.rf.60baba7d06f693ff85c36ad8abb5b400.jpg</filename>
	<path>C_2560_JPG.rf.60baba7d06f693ff85c36ad8abb5b400.jpg</path>
	<source>
		<database>roboflow.ai</database>
	</source>
	<size>
		<width>416</width>
		<height>416</height>
		<depth>3</depth>
	</size>
	<segmented>0</segmented>
	<object>
		<name>C</name>
		<pose>Unspecified</pose>
		<truncated>0</truncated>
		<difficult>0</difficult>
		<occluded>0</occluded>
		<bndbox>
			<xmin>74</xmin>
			<xmax>177</xmax>
			<ymin>171</ymin>
			<ymax>229</ymax>
		</bndbox>
	</object>
</annotation>
