<annotation>
	<folder></folder>
	<filename>C_2524_JPG.rf.14eb883f77ee921c08da2d9db2dbb23b.jpg</filename>
	<path>C_2524_JPG.rf.14eb883f77ee921c08da2d9db2dbb23b.jpg</path>
	<source>
		<database>roboflow.ai</database>
	</source>
	<size>
		<width>416</width>
		<height>416</height>
		<depth>3</depth>
	</size>
	<segmented>0</segmented>
	<object>
		<name>C</name>
		<pose>Unspecified</pose>
		<truncated>0</truncated>
		<difficult>0</difficult>
		<occluded>0</occluded>
		<bndbox>
			<xmin>190</xmin>
			<xmax>293</xmax>
			<ymin>219</ymin>
			<ymax>265</ymax>
		</bndbox>
	</object>
</annotation>
