<annotation>
	<folder></folder>
	<filename>C_2572_JPG.rf.a8807c802cfc8fd766712740771481dd.jpg</filename>
	<path>C_2572_JPG.rf.a8807c802cfc8fd766712740771481dd.jpg</path>
	<source>
		<database>roboflow.ai</database>
	</source>
	<size>
		<width>416</width>
		<height>416</height>
		<depth>3</depth>
	</size>
	<segmented>0</segmented>
	<object>
		<name>C</name>
		<pose>Unspecified</pose>
		<truncated>0</truncated>
		<difficult>0</difficult>
		<occluded>0</occluded>
		<bndbox>
			<xmin>223</xmin>
			<xmax>338</xmax>
			<ymin>213</ymin>
			<ymax>264</ymax>
		</bndbox>
	</object>
</annotation>
