<annotation>
	<folder></folder>
	<filename>C_2536_JPG.rf.183535504fc05c42a11d6eeccf57ac88.jpg</filename>
	<path>C_2536_JPG.rf.183535504fc05c42a11d6eeccf57ac88.jpg</path>
	<source>
		<database>roboflow.ai</database>
	</source>
	<size>
		<width>416</width>
		<height>416</height>
		<depth>3</depth>
	</size>
	<segmented>0</segmented>
	<object>
		<name>C</name>
		<pose>Unspecified</pose>
		<truncated>0</truncated>
		<difficult>0</difficult>
		<occluded>0</occluded>
		<bndbox>
			<xmin>101</xmin>
			<xmax>197</xmax>
			<ymin>173</ymin>
			<ymax>221</ymax>
		</bndbox>
	</object>
</annotation>
