<annotation>
	<folder></folder>
	<filename>C_2596_JPG.rf.ab30789ef9901e5946720d7599b7da56.jpg</filename>
	<path>C_2596_JPG.rf.ab30789ef9901e5946720d7599b7da56.jpg</path>
	<source>
		<database>roboflow.ai</database>
	</source>
	<size>
		<width>416</width>
		<height>416</height>
		<depth>3</depth>
	</size>
	<segmented>0</segmented>
	<object>
		<name>C</name>
		<pose>Unspecified</pose>
		<truncated>0</truncated>
		<difficult>0</difficult>
		<occluded>0</occluded>
		<bndbox>
			<xmin>237</xmin>
			<xmax>344</xmax>
			<ymin>189</ymin>
			<ymax>245</ymax>
		</bndbox>
	</object>
</annotation>
