<annotation>
	<folder></folder>
	<filename>C_2500_JPG.rf.afb0b1fdddebf4aed497974025218471.jpg</filename>
	<path>C_2500_JPG.rf.afb0b1fdddebf4aed497974025218471.jpg</path>
	<source>
		<database>roboflow.ai</database>
	</source>
	<size>
		<width>416</width>
		<height>416</height>
		<depth>3</depth>
	</size>
	<segmented>0</segmented>
	<object>
		<name>C</name>
		<pose>Unspecified</pose>
		<truncated>0</truncated>
		<difficult>0</difficult>
		<occluded>0</occluded>
		<bndbox>
			<xmin>218</xmin>
			<xmax>334</xmax>
			<ymin>170</ymin>
			<ymax>209</ymax>
		</bndbox>
	</object>
</annotation>
