<annotation>
	<folder></folder>
	<filename>C_2584_JPG.rf.5b66041b522256f6c2e53e1db34cdf09.jpg</filename>
	<path>C_2584_JPG.rf.5b66041b522256f6c2e53e1db34cdf09.jpg</path>
	<source>
		<database>roboflow.ai</database>
	</source>
	<size>
		<width>416</width>
		<height>416</height>
		<depth>3</depth>
	</size>
	<segmented>0</segmented>
	<object>
		<name>C</name>
		<pose>Unspecified</pose>
		<truncated>0</truncated>
		<difficult>0</difficult>
		<occluded>0</occluded>
		<bndbox>
			<xmin>109</xmin>
			<xmax>216</xmax>
			<ymin>176</ymin>
			<ymax>230</ymax>
		</bndbox>
	</object>
</annotation>
