<annotation>
	<folder></folder>
	<filename>C_2620_JPG.rf.a6be07eb1fb3d96fc34cefd70b076e13.jpg</filename>
	<path>C_2620_JPG.rf.a6be07eb1fb3d96fc34cefd70b076e13.jpg</path>
	<source>
		<database>roboflow.ai</database>
	</source>
	<size>
		<width>416</width>
		<height>416</height>
		<depth>3</depth>
	</size>
	<segmented>0</segmented>
	<object>
		<name>C</name>
		<pose>Unspecified</pose>
		<truncated>0</truncated>
		<difficult>0</difficult>
		<occluded>0</occluded>
		<bndbox>
			<xmin>92</xmin>
			<xmax>193</xmax>
			<ymin>193</ymin>
			<ymax>252</ymax>
		</bndbox>
	</object>
</annotation>
