<annotation>
	<folder></folder>
	<filename>C_2680_JPG.rf.24e4ad94f4f5ecf5de0379d07ec1614d.jpg</filename>
	<path>C_2680_JPG.rf.24e4ad94f4f5ecf5de0379d07ec1614d.jpg</path>
	<source>
		<database>roboflow.ai</database>
	</source>
	<size>
		<width>416</width>
		<height>416</height>
		<depth>3</depth>
	</size>
	<segmented>0</segmented>
	<object>
		<name>C</name>
		<pose>Unspecified</pose>
		<truncated>0</truncated>
		<difficult>0</difficult>
		<occluded>0</occluded>
		<bndbox>
			<xmin>282</xmin>
			<xmax>389</xmax>
			<ymin>129</ymin>
			<ymax>189</ymax>
		</bndbox>
	</object>
</annotation>
