<annotation>
	<folder></folder>
	<filename>C_2632_JPG.rf.93f7f36ca772e0ec67568b5ef5456b4f.jpg</filename>
	<path>C_2632_JPG.rf.93f7f36ca772e0ec67568b5ef5456b4f.jpg</path>
	<source>
		<database>roboflow.ai</database>
	</source>
	<size>
		<width>416</width>
		<height>416</height>
		<depth>3</depth>
	</size>
	<segmented>0</segmented>
	<object>
		<name>C</name>
		<pose>Unspecified</pose>
		<truncated>0</truncated>
		<difficult>0</difficult>
		<occluded>0</occluded>
		<bndbox>
			<xmin>229</xmin>
			<xmax>341</xmax>
			<ymin>159</ymin>
			<ymax>223</ymax>
		</bndbox>
	</object>
</annotation>
