<annotation>
	<folder></folder>
	<filename>C_2644_JPG.rf.dadd9950cc0d81569713a9b20bd823ea.jpg</filename>
	<path>C_2644_JPG.rf.dadd9950cc0d81569713a9b20bd823ea.jpg</path>
	<source>
		<database>roboflow.ai</database>
	</source>
	<size>
		<width>416</width>
		<height>416</height>
		<depth>3</depth>
	</size>
	<segmented>0</segmented>
	<object>
		<name>C</name>
		<pose>Unspecified</pose>
		<truncated>0</truncated>
		<difficult>0</difficult>
		<occluded>0</occluded>
		<bndbox>
			<xmin>84</xmin>
			<xmax>203</xmax>
			<ymin>201</ymin>
			<ymax>262</ymax>
		</bndbox>
	</object>
</annotation>
