<annotation>
	<folder></folder>
	<filename>C_2608_JPG.rf.38aab8e60db1e52d50ce53b9fdcf4d10.jpg</filename>
	<path>C_2608_JPG.rf.38aab8e60db1e52d50ce53b9fdcf4d10.jpg</path>
	<source>
		<database>roboflow.ai</database>
	</source>
	<size>
		<width>416</width>
		<height>416</height>
		<depth>3</depth>
	</size>
	<segmented>0</segmented>
	<object>
		<name>C</name>
		<pose>Unspecified</pose>
		<truncated>0</truncated>
		<difficult>0</difficult>
		<occluded>0</occluded>
		<bndbox>
			<xmin>104</xmin>
			<xmax>192</xmax>
			<ymin>167</ymin>
			<ymax>221</ymax>
		</bndbox>
	</object>
</annotation>
