<annotation>
	<folder></folder>
	<filename>C_2692_JPG.rf.a06e38cbc13bc7111ced0f4ac2ee16af.jpg</filename>
	<path>C_2692_JPG.rf.a06e38cbc13bc7111ced0f4ac2ee16af.jpg</path>
	<source>
		<database>roboflow.ai</database>
	</source>
	<size>
		<width>416</width>
		<height>416</height>
		<depth>3</depth>
	</size>
	<segmented>0</segmented>
	<object>
		<name>C</name>
		<pose>Unspecified</pose>
		<truncated>0</truncated>
		<difficult>0</difficult>
		<occluded>0</occluded>
		<bndbox>
			<xmin>111</xmin>
			<xmax>223</xmax>
			<ymin>199</ymin>
			<ymax>257</ymax>
		</bndbox>
	</object>
</annotation>
