<annotation>
	<folder></folder>
	<filename>C_2668_JPG.rf.35f38598156165cbebc60a0963e5c453.jpg</filename>
	<path>C_2668_JPG.rf.35f38598156165cbebc60a0963e5c453.jpg</path>
	<source>
		<database>roboflow.ai</database>
	</source>
	<size>
		<width>416</width>
		<height>416</height>
		<depth>3</depth>
	</size>
	<segmented>0</segmented>
	<object>
		<name>C</name>
		<pose>Unspecified</pose>
		<truncated>0</truncated>
		<difficult>0</difficult>
		<occluded>0</occluded>
		<bndbox>
			<xmin>27</xmin>
			<xmax>136</xmax>
			<ymin>109</ymin>
			<ymax>167</ymax>
		</bndbox>
	</object>
</annotation>
