<annotation>
	<folder></folder>
	<filename>C_2656_JPG.rf.0c5327cebf88005e6c923687f31dd640.jpg</filename>
	<path>C_2656_JPG.rf.0c5327cebf88005e6c923687f31dd640.jpg</path>
	<source>
		<database>roboflow.ai</database>
	</source>
	<size>
		<width>416</width>
		<height>416</height>
		<depth>3</depth>
	</size>
	<segmented>0</segmented>
	<object>
		<name>C</name>
		<pose>Unspecified</pose>
		<truncated>0</truncated>
		<difficult>0</difficult>
		<occluded>0</occluded>
		<bndbox>
			<xmin>202</xmin>
			<xmax>327</xmax>
			<ymin>168</ymin>
			<ymax>220</ymax>
		</bndbox>
	</object>
</annotation>
