<annotation>
	<folder></folder>
	<filename>C_2716_JPG.rf.f4e684a2ad96f3c1bc9b2422d3e11c66.jpg</filename>
	<path>C_2716_JPG.rf.f4e684a2ad96f3c1bc9b2422d3e11c66.jpg</path>
	<source>
		<database>roboflow.ai</database>
	</source>
	<size>
		<width>416</width>
		<height>416</height>
		<depth>3</depth>
	</size>
	<segmented>0</segmented>
	<object>
		<name>C</name>
		<pose>Unspecified</pose>
		<truncated>0</truncated>
		<difficult>0</difficult>
		<occluded>0</occluded>
		<bndbox>
			<xmin>64</xmin>
			<xmax>163</xmax>
			<ymin>197</ymin>
			<ymax>259</ymax>
		</bndbox>
	</object>
</annotation>
