<annotation>
	<folder></folder>
	<filename>C_2740_jpeg.rf.d5049f795f7f79260ae8d0a25035cc5f.jpg</filename>
	<path>C_2740_jpeg.rf.d5049f795f7f79260ae8d0a25035cc5f.jpg</path>
	<source>
		<database>roboflow.ai</database>
	</source>
	<size>
		<width>416</width>
		<height>416</height>
		<depth>3</depth>
	</size>
	<segmented>0</segmented>
	<object>
		<name>C</name>
		<pose>Unspecified</pose>
		<truncated>0</truncated>
		<difficult>0</difficult>
		<occluded>0</occluded>
		<bndbox>
			<xmin>197</xmin>
			<xmax>415</xmax>
			<ymin>128</ymin>
			<ymax>263</ymax>
		</bndbox>
	</object>
</annotation>
