<annotation>
	<folder></folder>
	<filename>C_2752_jpeg.rf.e35f7ae6b4e928e2199cc7042ce4b8e5.jpg</filename>
	<path>C_2752_jpeg.rf.e35f7ae6b4e928e2199cc7042ce4b8e5.jpg</path>
	<source>
		<database>roboflow.ai</database>
	</source>
	<size>
		<width>416</width>
		<height>416</height>
		<depth>3</depth>
	</size>
	<segmented>0</segmented>
	<object>
		<name>C</name>
		<pose>Unspecified</pose>
		<truncated>0</truncated>
		<difficult>0</difficult>
		<occluded>0</occluded>
		<bndbox>
			<xmin>99</xmin>
			<xmax>263</xmax>
			<ymin>103</ymin>
			<ymax>197</ymax>
		</bndbox>
	</object>
</annotation>
