<annotation>
	<folder></folder>
	<filename>C_2776_jpeg.rf.7243f57f9c323af79f34bdeec3dcf92a.jpg</filename>
	<path>C_2776_jpeg.rf.7243f57f9c323af79f34bdeec3dcf92a.jpg</path>
	<source>
		<database>roboflow.ai</database>
	</source>
	<size>
		<width>416</width>
		<height>416</height>
		<depth>3</depth>
	</size>
	<segmented>0</segmented>
	<object>
		<name>C</name>
		<pose>Unspecified</pose>
		<truncated>0</truncated>
		<difficult>0</difficult>
		<occluded>0</occluded>
		<bndbox>
			<xmin>133</xmin>
			<xmax>328</xmax>
			<ymin>146</ymin>
			<ymax>272</ymax>
		</bndbox>
	</object>
</annotation>
