<annotation>
	<folder></folder>
	<filename>C_2788_jpeg.rf.6c36462a23c23ca9582fcd765d1cc787.jpg</filename>
	<path>C_2788_jpeg.rf.6c36462a23c23ca9582fcd765d1cc787.jpg</path>
	<source>
		<database>roboflow.ai</database>
	</source>
	<size>
		<width>416</width>
		<height>416</height>
		<depth>3</depth>
	</size>
	<segmented>0</segmented>
	<object>
		<name>C</name>
		<pose>Unspecified</pose>
		<truncated>0</truncated>
		<difficult>0</difficult>
		<occluded>0</occluded>
		<bndbox>
			<xmin>1</xmin>
			<xmax>226</xmax>
			<ymin>152</ymin>
			<ymax>370</ymax>
		</bndbox>
	</object>
</annotation>
