<annotation>
	<folder></folder>
	<filename>C_2728_jpg.rf.4f10acbe46d49c7a3594a8e58ac59c86.jpg</filename>
	<path>C_2728_jpg.rf.4f10acbe46d49c7a3594a8e58ac59c86.jpg</path>
	<source>
		<database>roboflow.ai</database>
	</source>
	<size>
		<width>416</width>
		<height>416</height>
		<depth>3</depth>
	</size>
	<segmented>0</segmented>
	<object>
		<name>C</name>
		<pose>Unspecified</pose>
		<truncated>0</truncated>
		<difficult>0</difficult>
		<occluded>0</occluded>
		<bndbox>
			<xmin>1</xmin>
			<xmax>205</xmax>
			<ymin>129</ymin>
			<ymax>268</ymax>
		</bndbox>
	</object>
</annotation>
