<annotation>
	<folder></folder>
	<filename>C_2764_jpeg.rf.10844e0149735abc207b4ef0703cb2c4.jpg</filename>
	<path>C_2764_jpeg.rf.10844e0149735abc207b4ef0703cb2c4.jpg</path>
	<source>
		<database>roboflow.ai</database>
	</source>
	<size>
		<width>416</width>
		<height>416</height>
		<depth>3</depth>
	</size>
	<segmented>0</segmented>
	<object>
		<name>C</name>
		<pose>Unspecified</pose>
		<truncated>0</truncated>
		<difficult>0</difficult>
		<occluded>0</occluded>
		<bndbox>
			<xmin>1</xmin>
			<xmax>188</xmax>
			<ymin>138</ymin>
			<ymax>284</ymax>
		</bndbox>
	</object>
</annotation>
