<annotation>
	<folder></folder>
	<filename>C_2800_jpeg.rf.f5f237f914ce1c090e5aaad52e51d5b1.jpg</filename>
	<path>C_2800_jpeg.rf.f5f237f914ce1c090e5aaad52e51d5b1.jpg</path>
	<source>
		<database>roboflow.ai</database>
	</source>
	<size>
		<width>416</width>
		<height>416</height>
		<depth>3</depth>
	</size>
	<segmented>0</segmented>
	<object>
		<name>C</name>
		<pose>Unspecified</pose>
		<truncated>0</truncated>
		<difficult>0</difficult>
		<occluded>0</occluded>
		<bndbox>
			<xmin>69</xmin>
			<xmax>335</xmax>
			<ymin>121</ymin>
			<ymax>279</ymax>
		</bndbox>
	</object>
</annotation>
