<annotation>
	<folder></folder>
	<filename>C_2836_jpeg.rf.38f8ab3b163e0eb3664d7755df5ffa85.jpg</filename>
	<path>C_2836_jpeg.rf.38f8ab3b163e0eb3664d7755df5ffa85.jpg</path>
	<source>
		<database>roboflow.ai</database>
	</source>
	<size>
		<width>416</width>
		<height>416</height>
		<depth>3</depth>
	</size>
	<segmented>0</segmented>
	<object>
		<name>C</name>
		<pose>Unspecified</pose>
		<truncated>0</truncated>
		<difficult>0</difficult>
		<occluded>0</occluded>
		<bndbox>
			<xmin>1</xmin>
			<xmax>367</xmax>
			<ymin>134</ymin>
			<ymax>371</ymax>
		</bndbox>
	</object>
</annotation>
