<annotation>
	<folder></folder>
	<filename>C_2848_jpeg.rf.aea56035fa77b6e9b54c59ed6381613c.jpg</filename>
	<path>C_2848_jpeg.rf.aea56035fa77b6e9b54c59ed6381613c.jpg</path>
	<source>
		<database>roboflow.ai</database>
	</source>
	<size>
		<width>416</width>
		<height>416</height>
		<depth>3</depth>
	</size>
	<segmented>0</segmented>
	<object>
		<name>C</name>
		<pose>Unspecified</pose>
		<truncated>0</truncated>
		<difficult>0</difficult>
		<occluded>0</occluded>
		<bndbox>
			<xmin>1</xmin>
			<xmax>273</xmax>
			<ymin>35</ymin>
			<ymax>158</ymax>
		</bndbox>
	</object>
</annotation>
