<annotation>
	<folder></folder>
	<filename>C_2824_jpeg.rf.a78e70cb88d5fd92ab4c834b010176b5.jpg</filename>
	<path>C_2824_jpeg.rf.a78e70cb88d5fd92ab4c834b010176b5.jpg</path>
	<source>
		<database>roboflow.ai</database>
	</source>
	<size>
		<width>416</width>
		<height>416</height>
		<depth>3</depth>
	</size>
	<segmented>0</segmented>
	<object>
		<name>C</name>
		<pose>Unspecified</pose>
		<truncated>0</truncated>
		<difficult>0</difficult>
		<occluded>0</occluded>
		<bndbox>
			<xmin>13</xmin>
			<xmax>265</xmax>
			<ymin>156</ymin>
			<ymax>296</ymax>
		</bndbox>
	</object>
</annotation>
