<annotation>
	<folder></folder>
	<filename>C_2884_JPG.rf.9095c70e2f369740f1fa2c823670153a.jpg</filename>
	<path>C_2884_JPG.rf.9095c70e2f369740f1fa2c823670153a.jpg</path>
	<source>
		<database>roboflow.ai</database>
	</source>
	<size>
		<width>416</width>
		<height>416</height>
		<depth>3</depth>
	</size>
	<segmented>0</segmented>
	<object>
		<name>C</name>
		<pose>Unspecified</pose>
		<truncated>0</truncated>
		<difficult>0</difficult>
		<occluded>0</occluded>
		<bndbox>
			<xmin>258</xmin>
			<xmax>353</xmax>
			<ymin>158</ymin>
			<ymax>201</ymax>
		</bndbox>
	</object>
</annotation>
