<annotation>
	<folder></folder>
	<filename>C_2872_JPG.rf.d27c9f4dfd3b8eb8e04b93c0f61dd9f7.jpg</filename>
	<path>C_2872_JPG.rf.d27c9f4dfd3b8eb8e04b93c0f61dd9f7.jpg</path>
	<source>
		<database>roboflow.ai</database>
	</source>
	<size>
		<width>416</width>
		<height>416</height>
		<depth>3</depth>
	</size>
	<segmented>0</segmented>
	<object>
		<name>C</name>
		<pose>Unspecified</pose>
		<truncated>0</truncated>
		<difficult>0</difficult>
		<occluded>0</occluded>
		<bndbox>
			<xmin>131</xmin>
			<xmax>235</xmax>
			<ymin>145</ymin>
			<ymax>195</ymax>
		</bndbox>
	</object>
</annotation>
