<annotation>
	<folder></folder>
	<filename>C_2860_jpeg.rf.0982c428cc9716c9d66b599f0b6908a9.jpg</filename>
	<path>C_2860_jpeg.rf.0982c428cc9716c9d66b599f0b6908a9.jpg</path>
	<source>
		<database>roboflow.ai</database>
	</source>
	<size>
		<width>416</width>
		<height>416</height>
		<depth>3</depth>
	</size>
	<segmented>0</segmented>
	<object>
		<name>C</name>
		<pose>Unspecified</pose>
		<truncated>0</truncated>
		<difficult>0</difficult>
		<occluded>0</occluded>
		<bndbox>
			<xmin>1</xmin>
			<xmax>247</xmax>
			<ymin>126</ymin>
			<ymax>295</ymax>
		</bndbox>
	</object>
</annotation>
