<annotation>
	<folder></folder>
	<filename>C_2896_JPG.rf.be81de40452a487ea070d25808076f1d.jpg</filename>
	<path>C_2896_JPG.rf.be81de40452a487ea070d25808076f1d.jpg</path>
	<source>
		<database>roboflow.ai</database>
	</source>
	<size>
		<width>416</width>
		<height>416</height>
		<depth>3</depth>
	</size>
	<segmented>0</segmented>
	<object>
		<name>C</name>
		<pose>Unspecified</pose>
		<truncated>0</truncated>
		<difficult>0</difficult>
		<occluded>0</occluded>
		<bndbox>
			<xmin>192</xmin>
			<xmax>268</xmax>
			<ymin>197</ymin>
			<ymax>235</ymax>
		</bndbox>
	</object>
</annotation>
