<annotation>
	<folder></folder>
	<filename>C_2812_jpeg.rf.0067877fa86c1bf8c07da7225b4e6c7f.jpg</filename>
	<path>C_2812_jpeg.rf.0067877fa86c1bf8c07da7225b4e6c7f.jpg</path>
	<source>
		<database>roboflow.ai</database>
	</source>
	<size>
		<width>416</width>
		<height>416</height>
		<depth>3</depth>
	</size>
	<segmented>0</segmented>
	<object>
		<name>C</name>
		<pose>Unspecified</pose>
		<truncated>0</truncated>
		<difficult>0</difficult>
		<occluded>0</occluded>
		<bndbox>
			<xmin>1</xmin>
			<xmax>279</xmax>
			<ymin>143</ymin>
			<ymax>321</ymax>
		</bndbox>
	</object>
</annotation>
