<annotation>
	<folder></folder>
	<filename>C_2920_JPG.rf.56d86af9de9aa0352b4fe6d8358e9c21.jpg</filename>
	<path>C_2920_JPG.rf.56d86af9de9aa0352b4fe6d8358e9c21.jpg</path>
	<source>
		<database>roboflow.ai</database>
	</source>
	<size>
		<width>416</width>
		<height>416</height>
		<depth>3</depth>
	</size>
	<segmented>0</segmented>
	<object>
		<name>G</name>
		<pose>Unspecified</pose>
		<truncated>0</truncated>
		<difficult>0</difficult>
		<occluded>0</occluded>
		<bndbox>
			<xmin>248</xmin>
			<xmax>381</xmax>
			<ymin>165</ymin>
			<ymax>214</ymax>
		</bndbox>
	</object>
</annotation>
