<annotation>
	<folder></folder>
	<filename>C_2932_JPG.rf.3bd26d7783281479dcffc8c126737b5e.jpg</filename>
	<path>C_2932_JPG.rf.3bd26d7783281479dcffc8c126737b5e.jpg</path>
	<source>
		<database>roboflow.ai</database>
	</source>
	<size>
		<width>416</width>
		<height>416</height>
		<depth>3</depth>
	</size>
	<segmented>0</segmented>
	<object>
		<name>G</name>
		<pose>Unspecified</pose>
		<truncated>0</truncated>
		<difficult>0</difficult>
		<occluded>0</occluded>
		<bndbox>
			<xmin>65</xmin>
			<xmax>189</xmax>
			<ymin>183</ymin>
			<ymax>237</ymax>
		</bndbox>
	</object>
</annotation>
