<annotation>
	<folder></folder>
	<filename>C_2908_JPG.rf.f2c3b85a0099fbf7b21e3c98e6185320.jpg</filename>
	<path>C_2908_JPG.rf.f2c3b85a0099fbf7b21e3c98e6185320.jpg</path>
	<source>
		<database>roboflow.ai</database>
	</source>
	<size>
		<width>416</width>
		<height>416</height>
		<depth>3</depth>
	</size>
	<segmented>0</segmented>
	<object>
		<name>G</name>
		<pose>Unspecified</pose>
		<truncated>0</truncated>
		<difficult>0</difficult>
		<occluded>0</occluded>
		<bndbox>
			<xmin>61</xmin>
			<xmax>185</xmax>
			<ymin>176</ymin>
			<ymax>224</ymax>
		</bndbox>
	</object>
</annotation>
