<annotation>
	<folder></folder>
	<filename>D_2992_JPG.rf.54e01d279d15c8746b7b5f526d9da3dc.jpg</filename>
	<path>D_2992_JPG.rf.54e01d279d15c8746b7b5f526d9da3dc.jpg</path>
	<source>
		<database>roboflow.ai</database>
	</source>
	<size>
		<width>416</width>
		<height>416</height>
		<depth>3</depth>
	</size>
	<segmented>0</segmented>
	<object>
		<name>D</name>
		<pose>Unspecified</pose>
		<truncated>0</truncated>
		<difficult>0</difficult>
		<occluded>0</occluded>
		<bndbox>
			<xmin>258</xmin>
			<xmax>369</xmax>
			<ymin>154</ymin>
			<ymax>274</ymax>
		</bndbox>
	</object>
</annotation>
