<annotation>
	<folder></folder>
	<filename>D_2944_jpg.rf.cbe472d24d2c3fe93599bd0ee4d67d63.jpg</filename>
	<path>D_2944_jpg.rf.cbe472d24d2c3fe93599bd0ee4d67d63.jpg</path>
	<source>
		<database>roboflow.ai</database>
	</source>
	<size>
		<width>416</width>
		<height>416</height>
		<depth>3</depth>
	</size>
	<segmented>0</segmented>
	<object>
		<name>D</name>
		<pose>Unspecified</pose>
		<truncated>0</truncated>
		<difficult>0</difficult>
		<occluded>0</occluded>
		<bndbox>
			<xmin>119</xmin>
			<xmax>308</xmax>
			<ymin>53</ymin>
			<ymax>356</ymax>
		</bndbox>
	</object>
</annotation>
