<annotation>
	<folder></folder>
	<filename>D_2968_JPG.rf.bd1481dc038d07bee69301f28d1a471f.jpg</filename>
	<path>D_2968_JPG.rf.bd1481dc038d07bee69301f28d1a471f.jpg</path>
	<source>
		<database>roboflow.ai</database>
	</source>
	<size>
		<width>416</width>
		<height>416</height>
		<depth>3</depth>
	</size>
	<segmented>0</segmented>
	<object>
		<name>D</name>
		<pose>Unspecified</pose>
		<truncated>0</truncated>
		<difficult>0</difficult>
		<occluded>0</occluded>
		<bndbox>
			<xmin>293</xmin>
			<xmax>363</xmax>
			<ymin>177</ymin>
			<ymax>243</ymax>
		</bndbox>
	</object>
</annotation>
