<annotation>
	<folder></folder>
	<filename>D_2980_JPG.rf.eee2979df1bd81e018c093e56e056543.jpg</filename>
	<path>D_2980_JPG.rf.eee2979df1bd81e018c093e56e056543.jpg</path>
	<source>
		<database>roboflow.ai</database>
	</source>
	<size>
		<width>416</width>
		<height>416</height>
		<depth>3</depth>
	</size>
	<segmented>0</segmented>
	<object>
		<name>D</name>
		<pose>Unspecified</pose>
		<truncated>0</truncated>
		<difficult>0</difficult>
		<occluded>0</occluded>
		<bndbox>
			<xmin>284</xmin>
			<xmax>395</xmax>
			<ymin>171</ymin>
			<ymax>287</ymax>
		</bndbox>
	</object>
</annotation>
