<annotation>
	<folder></folder>
	<filename>D_2956_JPG.rf.14f44d8b0297c2f536db891ccaddc348.jpg</filename>
	<path>D_2956_JPG.rf.14f44d8b0297c2f536db891ccaddc348.jpg</path>
	<source>
		<database>roboflow.ai</database>
	</source>
	<size>
		<width>416</width>
		<height>416</height>
		<depth>3</depth>
	</size>
	<segmented>0</segmented>
	<object>
		<name>D</name>
		<pose>Unspecified</pose>
		<truncated>0</truncated>
		<difficult>0</difficult>
		<occluded>0</occluded>
		<bndbox>
			<xmin>35</xmin>
			<xmax>123</xmax>
			<ymin>183</ymin>
			<ymax>258</ymax>
		</bndbox>
	</object>
</annotation>
