<annotation>
	<folder></folder>
	<filename>D_3004_JPG.rf.fefb4e0b9039d43ed898bc127de4ab10.jpg</filename>
	<path>D_3004_JPG.rf.fefb4e0b9039d43ed898bc127de4ab10.jpg</path>
	<source>
		<database>roboflow.ai</database>
	</source>
	<size>
		<width>416</width>
		<height>416</height>
		<depth>3</depth>
	</size>
	<segmented>0</segmented>
	<object>
		<name>D</name>
		<pose>Unspecified</pose>
		<truncated>0</truncated>
		<difficult>0</difficult>
		<occluded>0</occluded>
		<bndbox>
			<xmin>220</xmin>
			<xmax>298</xmax>
			<ymin>170</ymin>
			<ymax>253</ymax>
		</bndbox>
	</object>
</annotation>
