<annotation>
	<folder></folder>
	<filename>D_3040_JPG.rf.69fd6521d762d2f4ed36aeb0ea6dfbad.jpg</filename>
	<path>D_3040_JPG.rf.69fd6521d762d2f4ed36aeb0ea6dfbad.jpg</path>
	<source>
		<database>roboflow.ai</database>
	</source>
	<size>
		<width>416</width>
		<height>416</height>
		<depth>3</depth>
	</size>
	<segmented>0</segmented>
	<object>
		<name>D</name>
		<pose>Unspecified</pose>
		<truncated>0</truncated>
		<difficult>0</difficult>
		<occluded>0</occluded>
		<bndbox>
			<xmin>102</xmin>
			<xmax>193</xmax>
			<ymin>198</ymin>
			<ymax>275</ymax>
		</bndbox>
	</object>
</annotation>
