<annotation>
	<folder></folder>
	<filename>D_3052_JPG.rf.5c2247ef8e6074e05c1cd8ef76987966.jpg</filename>
	<path>D_3052_JPG.rf.5c2247ef8e6074e05c1cd8ef76987966.jpg</path>
	<source>
		<database>roboflow.ai</database>
	</source>
	<size>
		<width>416</width>
		<height>416</height>
		<depth>3</depth>
	</size>
	<segmented>0</segmented>
	<object>
		<name>D</name>
		<pose>Unspecified</pose>
		<truncated>0</truncated>
		<difficult>0</difficult>
		<occluded>0</occluded>
		<bndbox>
			<xmin>114</xmin>
			<xmax>199</xmax>
			<ymin>265</ymin>
			<ymax>350</ymax>
		</bndbox>
	</object>
</annotation>
