<annotation>
	<folder></folder>
	<filename>D_3016_JPG.rf.d8414677e8cc844788bfba17e882fb30.jpg</filename>
	<path>D_3016_JPG.rf.d8414677e8cc844788bfba17e882fb30.jpg</path>
	<source>
		<database>roboflow.ai</database>
	</source>
	<size>
		<width>416</width>
		<height>416</height>
		<depth>3</depth>
	</size>
	<segmented>0</segmented>
	<object>
		<name>D</name>
		<pose>Unspecified</pose>
		<truncated>0</truncated>
		<difficult>0</difficult>
		<occluded>0</occluded>
		<bndbox>
			<xmin>232</xmin>
			<xmax>308</xmax>
			<ymin>150</ymin>
			<ymax>242</ymax>
		</bndbox>
	</object>
</annotation>
