<annotation>
	<folder></folder>
	<filename>D_3028_JPG.rf.e0602d66d4b1a4d8b7cf0c690fe6316a.jpg</filename>
	<path>D_3028_JPG.rf.e0602d66d4b1a4d8b7cf0c690fe6316a.jpg</path>
	<source>
		<database>roboflow.ai</database>
	</source>
	<size>
		<width>416</width>
		<height>416</height>
		<depth>3</depth>
	</size>
	<segmented>0</segmented>
	<object>
		<name>D</name>
		<pose>Unspecified</pose>
		<truncated>0</truncated>
		<difficult>0</difficult>
		<occluded>0</occluded>
		<bndbox>
			<xmin>136</xmin>
			<xmax>250</xmax>
			<ymin>182</ymin>
			<ymax>253</ymax>
		</bndbox>
	</object>
</annotation>
