<annotation>
	<folder></folder>
	<filename>D_3064_JPG.rf.ff0bd1e1cf34b52ea3da4bc0490c7ffc.jpg</filename>
	<path>D_3064_JPG.rf.ff0bd1e1cf34b52ea3da4bc0490c7ffc.jpg</path>
	<source>
		<database>roboflow.ai</database>
	</source>
	<size>
		<width>416</width>
		<height>416</height>
		<depth>3</depth>
	</size>
	<segmented>0</segmented>
	<object>
		<name>D</name>
		<pose>Unspecified</pose>
		<truncated>0</truncated>
		<difficult>0</difficult>
		<occluded>0</occluded>
		<bndbox>
			<xmin>348</xmin>
			<xmax>417</xmax>
			<ymin>182</ymin>
			<ymax>261</ymax>
		</bndbox>
	</object>
</annotation>
