<annotation>
	<folder></folder>
	<filename>D_3088_JPG.rf.e92993e4353da490d97e1e7bda1304c2.jpg</filename>
	<path>D_3088_JPG.rf.e92993e4353da490d97e1e7bda1304c2.jpg</path>
	<source>
		<database>roboflow.ai</database>
	</source>
	<size>
		<width>416</width>
		<height>416</height>
		<depth>3</depth>
	</size>
	<segmented>0</segmented>
	<object>
		<name>D</name>
		<pose>Unspecified</pose>
		<truncated>0</truncated>
		<difficult>0</difficult>
		<occluded>0</occluded>
		<bndbox>
			<xmin>82</xmin>
			<xmax>180</xmax>
			<ymin>136</ymin>
			<ymax>209</ymax>
		</bndbox>
	</object>
</annotation>
