<annotation>
	<folder></folder>
	<filename>D_3076_JPG.rf.5fc5604140998e5571bb4be52be95254.jpg</filename>
	<path>D_3076_JPG.rf.5fc5604140998e5571bb4be52be95254.jpg</path>
	<source>
		<database>roboflow.ai</database>
	</source>
	<size>
		<width>416</width>
		<height>416</height>
		<depth>3</depth>
	</size>
	<segmented>0</segmented>
	<object>
		<name>D</name>
		<pose>Unspecified</pose>
		<truncated>0</truncated>
		<difficult>0</difficult>
		<occluded>0</occluded>
		<bndbox>
			<xmin>71</xmin>
			<xmax>163</xmax>
			<ymin>157</ymin>
			<ymax>244</ymax>
		</bndbox>
	</object>
</annotation>
