<annotation>
	<folder></folder>
	<filename>D_3160_JPG.rf.259f8e44d5a652f48007d1b6b408c149.jpg</filename>
	<path>D_3160_JPG.rf.259f8e44d5a652f48007d1b6b408c149.jpg</path>
	<source>
		<database>roboflow.ai</database>
	</source>
	<size>
		<width>416</width>
		<height>416</height>
		<depth>3</depth>
	</size>
	<segmented>0</segmented>
	<object>
		<name>D</name>
		<pose>Unspecified</pose>
		<truncated>0</truncated>
		<difficult>0</difficult>
		<occluded>0</occluded>
		<bndbox>
			<xmin>242</xmin>
			<xmax>324</xmax>
			<ymin>192</ymin>
			<ymax>253</ymax>
		</bndbox>
	</object>
</annotation>
