<annotation>
	<folder></folder>
	<filename>D_3124_JPG.rf.500db4e61c8c61a9dc95fdbbdd360fb8.jpg</filename>
	<path>D_3124_JPG.rf.500db4e61c8c61a9dc95fdbbdd360fb8.jpg</path>
	<source>
		<database>roboflow.ai</database>
	</source>
	<size>
		<width>416</width>
		<height>416</height>
		<depth>3</depth>
	</size>
	<segmented>0</segmented>
	<object>
		<name>D</name>
		<pose>Unspecified</pose>
		<truncated>0</truncated>
		<difficult>0</difficult>
		<occluded>0</occluded>
		<bndbox>
			<xmin>250</xmin>
			<xmax>341</xmax>
			<ymin>117</ymin>
			<ymax>201</ymax>
		</bndbox>
	</object>
</annotation>
