<annotation>
	<folder></folder>
	<filename>D_3112_JPG.rf.395fecd5794936d082fd13e22af494e1.jpg</filename>
	<path>D_3112_JPG.rf.395fecd5794936d082fd13e22af494e1.jpg</path>
	<source>
		<database>roboflow.ai</database>
	</source>
	<size>
		<width>416</width>
		<height>416</height>
		<depth>3</depth>
	</size>
	<segmented>0</segmented>
	<object>
		<name>D</name>
		<pose>Unspecified</pose>
		<truncated>0</truncated>
		<difficult>0</difficult>
		<occluded>0</occluded>
		<bndbox>
			<xmin>64</xmin>
			<xmax>144</xmax>
			<ymin>143</ymin>
			<ymax>214</ymax>
		</bndbox>
	</object>
</annotation>
