<annotation>
	<folder></folder>
	<filename>D_3100_JPG.rf.ad7a28cb93467f783c2bbf8e67780f7a.jpg</filename>
	<path>D_3100_JPG.rf.ad7a28cb93467f783c2bbf8e67780f7a.jpg</path>
	<source>
		<database>roboflow.ai</database>
	</source>
	<size>
		<width>416</width>
		<height>416</height>
		<depth>3</depth>
	</size>
	<segmented>0</segmented>
	<object>
		<name>D</name>
		<pose>Unspecified</pose>
		<truncated>0</truncated>
		<difficult>0</difficult>
		<occluded>0</occluded>
		<bndbox>
			<xmin>284</xmin>
			<xmax>359</xmax>
			<ymin>202</ymin>
			<ymax>265</ymax>
		</bndbox>
	</object>
</annotation>
