<annotation>
	<folder></folder>
	<filename>D_3196_JPG.rf.8e3ea04aee25cb86c4915dc59b799995.jpg</filename>
	<path>D_3196_JPG.rf.8e3ea04aee25cb86c4915dc59b799995.jpg</path>
	<source>
		<database>roboflow.ai</database>
	</source>
	<size>
		<width>416</width>
		<height>416</height>
		<depth>3</depth>
	</size>
	<segmented>0</segmented>
	<object>
		<name>D</name>
		<pose>Unspecified</pose>
		<truncated>0</truncated>
		<difficult>0</difficult>
		<occluded>0</occluded>
		<bndbox>
			<xmin>143</xmin>
			<xmax>198</xmax>
			<ymin>250</ymin>
			<ymax>295</ymax>
		</bndbox>
	</object>
</annotation>
