<annotation>
	<folder></folder>
	<filename>D_3148_JPG.rf.36cb0a7d7d1459c0fb81350987083184.jpg</filename>
	<path>D_3148_JPG.rf.36cb0a7d7d1459c0fb81350987083184.jpg</path>
	<source>
		<database>roboflow.ai</database>
	</source>
	<size>
		<width>416</width>
		<height>416</height>
		<depth>3</depth>
	</size>
	<segmented>0</segmented>
	<object>
		<name>D</name>
		<pose>Unspecified</pose>
		<truncated>0</truncated>
		<difficult>0</difficult>
		<occluded>0</occluded>
		<bndbox>
			<xmin>26</xmin>
			<xmax>89</xmax>
			<ymin>195</ymin>
			<ymax>281</ymax>
		</bndbox>
	</object>
</annotation>
