<annotation>
	<folder></folder>
	<filename>D_3172_JPG.rf.884522ade33704f51f5376e4ba498bd8.jpg</filename>
	<path>D_3172_JPG.rf.884522ade33704f51f5376e4ba498bd8.jpg</path>
	<source>
		<database>roboflow.ai</database>
	</source>
	<size>
		<width>416</width>
		<height>416</height>
		<depth>3</depth>
	</size>
	<segmented>0</segmented>
	<object>
		<name>D</name>
		<pose>Unspecified</pose>
		<truncated>0</truncated>
		<difficult>0</difficult>
		<occluded>0</occluded>
		<bndbox>
			<xmin>235</xmin>
			<xmax>311</xmax>
			<ymin>220</ymin>
			<ymax>273</ymax>
		</bndbox>
	</object>
</annotation>
