<annotation>
	<folder></folder>
	<filename>D_3136_JPG.rf.2d37dc4ffe20ca630b6bb4f59f256005.jpg</filename>
	<path>D_3136_JPG.rf.2d37dc4ffe20ca630b6bb4f59f256005.jpg</path>
	<source>
		<database>roboflow.ai</database>
	</source>
	<size>
		<width>416</width>
		<height>416</height>
		<depth>3</depth>
	</size>
	<segmented>0</segmented>
	<object>
		<name>D</name>
		<pose>Unspecified</pose>
		<truncated>0</truncated>
		<difficult>0</difficult>
		<occluded>0</occluded>
		<bndbox>
			<xmin>117</xmin>
			<xmax>195</xmax>
			<ymin>132</ymin>
			<ymax>212</ymax>
		</bndbox>
	</object>
</annotation>
