<annotation>
	<folder></folder>
	<filename>D_3268_JPG.rf.3b6bf69515a2f61c398a442192e9e742.jpg</filename>
	<path>D_3268_JPG.rf.3b6bf69515a2f61c398a442192e9e742.jpg</path>
	<source>
		<database>roboflow.ai</database>
	</source>
	<size>
		<width>416</width>
		<height>416</height>
		<depth>3</depth>
	</size>
	<segmented>0</segmented>
	<object>
		<name>D</name>
		<pose>Unspecified</pose>
		<truncated>0</truncated>
		<difficult>0</difficult>
		<occluded>0</occluded>
		<bndbox>
			<xmin>119</xmin>
			<xmax>188</xmax>
			<ymin>144</ymin>
			<ymax>220</ymax>
		</bndbox>
	</object>
</annotation>
