<annotation>
	<folder></folder>
	<filename>D_3256_JPG.rf.abdebe424a5c8559e9022c93bfe74e46.jpg</filename>
	<path>D_3256_JPG.rf.abdebe424a5c8559e9022c93bfe74e46.jpg</path>
	<source>
		<database>roboflow.ai</database>
	</source>
	<size>
		<width>416</width>
		<height>416</height>
		<depth>3</depth>
	</size>
	<segmented>0</segmented>
	<object>
		<name>D</name>
		<pose>Unspecified</pose>
		<truncated>0</truncated>
		<difficult>0</difficult>
		<occluded>0</occluded>
		<bndbox>
			<xmin>225</xmin>
			<xmax>309</xmax>
			<ymin>151</ymin>
			<ymax>231</ymax>
		</bndbox>
	</object>
</annotation>
