<annotation>
	<folder></folder>
	<filename>D_3244_JPG.rf.51655c8ccbc59421c7dbc1917bc9ebd3.jpg</filename>
	<path>D_3244_JPG.rf.51655c8ccbc59421c7dbc1917bc9ebd3.jpg</path>
	<source>
		<database>roboflow.ai</database>
	</source>
	<size>
		<width>416</width>
		<height>416</height>
		<depth>3</depth>
	</size>
	<segmented>0</segmented>
	<object>
		<name>D</name>
		<pose>Unspecified</pose>
		<truncated>0</truncated>
		<difficult>0</difficult>
		<occluded>0</occluded>
		<bndbox>
			<xmin>205</xmin>
			<xmax>304</xmax>
			<ymin>215</ymin>
			<ymax>302</ymax>
		</bndbox>
	</object>
</annotation>
