<annotation>
	<folder></folder>
	<filename>D_3292_jpg.rf.9c3cb7972dc0f8bbcd807c0136c4ca13.jpg</filename>
	<path>D_3292_jpg.rf.9c3cb7972dc0f8bbcd807c0136c4ca13.jpg</path>
	<source>
		<database>roboflow.ai</database>
	</source>
	<size>
		<width>416</width>
		<height>416</height>
		<depth>3</depth>
	</size>
	<segmented>0</segmented>
	<object>
		<name>D</name>
		<pose>Unspecified</pose>
		<truncated>0</truncated>
		<difficult>0</difficult>
		<occluded>0</occluded>
		<bndbox>
			<xmin>80</xmin>
			<xmax>228</xmax>
			<ymin>94</ymin>
			<ymax>227</ymax>
		</bndbox>
	</object>
</annotation>
