<annotation>
	<folder></folder>
	<filename>D_3220_JPG.rf.496598707b9bac375c98c3c435b9c441.jpg</filename>
	<path>D_3220_JPG.rf.496598707b9bac375c98c3c435b9c441.jpg</path>
	<source>
		<database>roboflow.ai</database>
	</source>
	<size>
		<width>416</width>
		<height>416</height>
		<depth>3</depth>
	</size>
	<segmented>0</segmented>
	<object>
		<name>D</name>
		<pose>Unspecified</pose>
		<truncated>0</truncated>
		<difficult>0</difficult>
		<occluded>0</occluded>
		<bndbox>
			<xmin>268</xmin>
			<xmax>362</xmax>
			<ymin>171</ymin>
			<ymax>252</ymax>
		</bndbox>
	</object>
</annotation>
