<annotation>
	<folder></folder>
	<filename>D_3208_JPG.rf.c672595c418357b81f3ac3a996d3dd51.jpg</filename>
	<path>D_3208_JPG.rf.c672595c418357b81f3ac3a996d3dd51.jpg</path>
	<source>
		<database>roboflow.ai</database>
	</source>
	<size>
		<width>416</width>
		<height>416</height>
		<depth>3</depth>
	</size>
	<segmented>0</segmented>
	<object>
		<name>D</name>
		<pose>Unspecified</pose>
		<truncated>0</truncated>
		<difficult>0</difficult>
		<occluded>0</occluded>
		<bndbox>
			<xmin>283</xmin>
			<xmax>363</xmax>
			<ymin>207</ymin>
			<ymax>269</ymax>
		</bndbox>
	</object>
</annotation>
