<annotation>
	<folder></folder>
	<filename>D_3232_JPG.rf.d52a50ed6eb62d04c660193121d91fe1.jpg</filename>
	<path>D_3232_JPG.rf.d52a50ed6eb62d04c660193121d91fe1.jpg</path>
	<source>
		<database>roboflow.ai</database>
	</source>
	<size>
		<width>416</width>
		<height>416</height>
		<depth>3</depth>
	</size>
	<segmented>0</segmented>
	<object>
		<name>D</name>
		<pose>Unspecified</pose>
		<truncated>0</truncated>
		<difficult>0</difficult>
		<occluded>0</occluded>
		<bndbox>
			<xmin>98</xmin>
			<xmax>173</xmax>
			<ymin>229</ymin>
			<ymax>308</ymax>
		</bndbox>
	</object>
</annotation>
