<annotation>
	<folder></folder>
	<filename>D_3280_jpg.rf.5bf2922b77dcc2ec5ceeb7a16ac87ceb.jpg</filename>
	<path>D_3280_jpg.rf.5bf2922b77dcc2ec5ceeb7a16ac87ceb.jpg</path>
	<source>
		<database>roboflow.ai</database>
	</source>
	<size>
		<width>416</width>
		<height>416</height>
		<depth>3</depth>
	</size>
	<segmented>0</segmented>
	<object>
		<name>D</name>
		<pose>Unspecified</pose>
		<truncated>0</truncated>
		<difficult>0</difficult>
		<occluded>0</occluded>
		<bndbox>
			<xmin>129</xmin>
			<xmax>327</xmax>
			<ymin>63</ymin>
			<ymax>195</ymax>
		</bndbox>
	</object>
</annotation>
