<annotation>
	<folder></folder>
	<filename>D_3376_jpeg.rf.e3ff171b2d2ff3cd1680a09b9149aea4.jpg</filename>
	<path>D_3376_jpeg.rf.e3ff171b2d2ff3cd1680a09b9149aea4.jpg</path>
	<source>
		<database>roboflow.ai</database>
	</source>
	<size>
		<width>416</width>
		<height>416</height>
		<depth>3</depth>
	</size>
	<segmented>0</segmented>
	<object>
		<name>D</name>
		<pose>Unspecified</pose>
		<truncated>0</truncated>
		<difficult>0</difficult>
		<occluded>0</occluded>
		<bndbox>
			<xmin>107</xmin>
			<xmax>198</xmax>
			<ymin>101</ymin>
			<ymax>209</ymax>
		</bndbox>
	</object>
</annotation>
