<annotation>
	<folder></folder>
	<filename>D_3304_jpg.rf.71f87d2c110c9532a547bed54ff817d8.jpg</filename>
	<path>D_3304_jpg.rf.71f87d2c110c9532a547bed54ff817d8.jpg</path>
	<source>
		<database>roboflow.ai</database>
	</source>
	<size>
		<width>416</width>
		<height>416</height>
		<depth>3</depth>
	</size>
	<segmented>0</segmented>
	<object>
		<name>D</name>
		<pose>Unspecified</pose>
		<truncated>0</truncated>
		<difficult>0</difficult>
		<occluded>0</occluded>
		<bndbox>
			<xmin>128</xmin>
			<xmax>417</xmax>
			<ymin>114</ymin>
			<ymax>417</ymax>
		</bndbox>
	</object>
</annotation>
