<annotation>
	<folder></folder>
	<filename>D_3328_jpg.rf.21656dac9084d618f96a60b29d861896.jpg</filename>
	<path>D_3328_jpg.rf.21656dac9084d618f96a60b29d861896.jpg</path>
	<source>
		<database>roboflow.ai</database>
	</source>
	<size>
		<width>416</width>
		<height>416</height>
		<depth>3</depth>
	</size>
	<segmented>0</segmented>
	<object>
		<name>D</name>
		<pose>Unspecified</pose>
		<truncated>0</truncated>
		<difficult>0</difficult>
		<occluded>0</occluded>
		<bndbox>
			<xmin>41</xmin>
			<xmax>361</xmax>
			<ymin>71</ymin>
			<ymax>269</ymax>
		</bndbox>
	</object>
</annotation>
