<annotation>
	<folder></folder>
	<filename>D_3316_jpg.rf.f394895bbf1b65438fe1788e6a14b9d8.jpg</filename>
	<path>D_3316_jpg.rf.f394895bbf1b65438fe1788e6a14b9d8.jpg</path>
	<source>
		<database>roboflow.ai</database>
	</source>
	<size>
		<width>416</width>
		<height>416</height>
		<depth>3</depth>
	</size>
	<segmented>0</segmented>
	<object>
		<name>D</name>
		<pose>Unspecified</pose>
		<truncated>0</truncated>
		<difficult>0</difficult>
		<occluded>0</occluded>
		<bndbox>
			<xmin>68</xmin>
			<xmax>401</xmax>
			<ymin>28</ymin>
			<ymax>261</ymax>
		</bndbox>
	</object>
</annotation>
