<annotation>
	<folder></folder>
	<filename>D_3352_jpg.rf.c217da01bba7ed952e87ab28de380e85.jpg</filename>
	<path>D_3352_jpg.rf.c217da01bba7ed952e87ab28de380e85.jpg</path>
	<source>
		<database>roboflow.ai</database>
	</source>
	<size>
		<width>416</width>
		<height>416</height>
		<depth>3</depth>
	</size>
	<segmented>0</segmented>
	<object>
		<name>D</name>
		<pose>Unspecified</pose>
		<truncated>0</truncated>
		<difficult>0</difficult>
		<occluded>0</occluded>
		<bndbox>
			<xmin>13</xmin>
			<xmax>193</xmax>
			<ymin>108</ymin>
			<ymax>354</ymax>
		</bndbox>
	</object>
</annotation>
