<annotation>
	<folder></folder>
	<filename>D_3340_JPG.rf.ca07b6166dd204c3d01305deb21dd5f3.jpg</filename>
	<path>D_3340_JPG.rf.ca07b6166dd204c3d01305deb21dd5f3.jpg</path>
	<source>
		<database>roboflow.ai</database>
	</source>
	<size>
		<width>416</width>
		<height>416</height>
		<depth>3</depth>
	</size>
	<segmented>0</segmented>
	<object>
		<name>D</name>
		<pose>Unspecified</pose>
		<truncated>0</truncated>
		<difficult>0</difficult>
		<occluded>0</occluded>
		<bndbox>
			<xmin>105</xmin>
			<xmax>207</xmax>
			<ymin>237</ymin>
			<ymax>325</ymax>
		</bndbox>
	</object>
</annotation>
