<annotation>
	<folder></folder>
	<filename>D_3364_jpeg.rf.ae1246f58b48706f3c94bb1d1d8b7b05.jpg</filename>
	<path>D_3364_jpeg.rf.ae1246f58b48706f3c94bb1d1d8b7b05.jpg</path>
	<source>
		<database>roboflow.ai</database>
	</source>
	<size>
		<width>416</width>
		<height>416</height>
		<depth>3</depth>
	</size>
	<segmented>0</segmented>
	<object>
		<name>D</name>
		<pose>Unspecified</pose>
		<truncated>0</truncated>
		<difficult>0</difficult>
		<occluded>0</occluded>
		<bndbox>
			<xmin>124</xmin>
			<xmax>415</xmax>
			<ymin>58</ymin>
			<ymax>312</ymax>
		</bndbox>
	</object>
</annotation>
