<annotation>
	<folder></folder>
	<filename>D_3388_jpeg.rf.ed3ef5d0edb07da7aac70b7ed2e97691.jpg</filename>
	<path>D_3388_jpeg.rf.ed3ef5d0edb07da7aac70b7ed2e97691.jpg</path>
	<source>
		<database>roboflow.ai</database>
	</source>
	<size>
		<width>416</width>
		<height>416</height>
		<depth>3</depth>
	</size>
	<segmented>0</segmented>
	<object>
		<name>D</name>
		<pose>Unspecified</pose>
		<truncated>0</truncated>
		<difficult>0</difficult>
		<occluded>0</occluded>
		<bndbox>
			<xmin>2</xmin>
			<xmax>191</xmax>
			<ymin>123</ymin>
			<ymax>314</ymax>
		</bndbox>
	</object>
</annotation>
