<annotation>
	<folder></folder>
	<filename>D_3412_jpeg.rf.6ce2380106515757cdbf07bf30da0120.jpg</filename>
	<path>D_3412_jpeg.rf.6ce2380106515757cdbf07bf30da0120.jpg</path>
	<source>
		<database>roboflow.ai</database>
	</source>
	<size>
		<width>416</width>
		<height>416</height>
		<depth>3</depth>
	</size>
	<segmented>0</segmented>
	<object>
		<name>D</name>
		<pose>Unspecified</pose>
		<truncated>0</truncated>
		<difficult>0</difficult>
		<occluded>0</occluded>
		<bndbox>
			<xmin>22</xmin>
			<xmax>175</xmax>
			<ymin>147</ymin>
			<ymax>295</ymax>
		</bndbox>
	</object>
</annotation>
