<annotation>
	<folder></folder>
	<filename>D_3400_jpeg.rf.4c23af915df181e8242245e9661e46e3.jpg</filename>
	<path>D_3400_jpeg.rf.4c23af915df181e8242245e9661e46e3.jpg</path>
	<source>
		<database>roboflow.ai</database>
	</source>
	<size>
		<width>416</width>
		<height>416</height>
		<depth>3</depth>
	</size>
	<segmented>0</segmented>
	<object>
		<name>D</name>
		<pose>Unspecified</pose>
		<truncated>0</truncated>
		<difficult>0</difficult>
		<occluded>0</occluded>
		<bndbox>
			<xmin>136</xmin>
			<xmax>305</xmax>
			<ymin>132</ymin>
			<ymax>320</ymax>
		</bndbox>
	</object>
</annotation>
