<annotation>
	<folder></folder>
	<filename>D_3460_jpeg.rf.54ff50d618881d3576108296ce423fb0.jpg</filename>
	<path>D_3460_jpeg.rf.54ff50d618881d3576108296ce423fb0.jpg</path>
	<source>
		<database>roboflow.ai</database>
	</source>
	<size>
		<width>416</width>
		<height>416</height>
		<depth>3</depth>
	</size>
	<segmented>0</segmented>
	<object>
		<name>D</name>
		<pose>Unspecified</pose>
		<truncated>0</truncated>
		<difficult>0</difficult>
		<occluded>0</occluded>
		<bndbox>
			<xmin>88</xmin>
			<xmax>196</xmax>
			<ymin>158</ymin>
			<ymax>276</ymax>
		</bndbox>
	</object>
</annotation>
