<annotation>
	<folder></folder>
	<filename>D_3484_jpeg.rf.0bb987d46fb9ce78c70293af1629b912.jpg</filename>
	<path>D_3484_jpeg.rf.0bb987d46fb9ce78c70293af1629b912.jpg</path>
	<source>
		<database>roboflow.ai</database>
	</source>
	<size>
		<width>416</width>
		<height>416</height>
		<depth>3</depth>
	</size>
	<segmented>0</segmented>
	<object>
		<name>D</name>
		<pose>Unspecified</pose>
		<truncated>0</truncated>
		<difficult>0</difficult>
		<occluded>0</occluded>
		<bndbox>
			<xmin>1</xmin>
			<xmax>251</xmax>
			<ymin>66</ymin>
			<ymax>359</ymax>
		</bndbox>
	</object>
</annotation>
