<annotation>
	<folder></folder>
	<filename>D_3496_JPG.rf.4d8410709c87e3883f74606e2070ce55.jpg</filename>
	<path>D_3496_JPG.rf.4d8410709c87e3883f74606e2070ce55.jpg</path>
	<source>
		<database>roboflow.ai</database>
	</source>
	<size>
		<width>416</width>
		<height>416</height>
		<depth>3</depth>
	</size>
	<segmented>0</segmented>
	<object>
		<name>D</name>
		<pose>Unspecified</pose>
		<truncated>0</truncated>
		<difficult>0</difficult>
		<occluded>0</occluded>
		<bndbox>
			<xmin>134</xmin>
			<xmax>208</xmax>
			<ymin>173</ymin>
			<ymax>237</ymax>
		</bndbox>
	</object>
</annotation>
