<annotation>
	<folder></folder>
	<filename>D_3424_jpeg.rf.c44c23c43c815ceb7be60a44f8849299.jpg</filename>
	<path>D_3424_jpeg.rf.c44c23c43c815ceb7be60a44f8849299.jpg</path>
	<source>
		<database>roboflow.ai</database>
	</source>
	<size>
		<width>416</width>
		<height>416</height>
		<depth>3</depth>
	</size>
	<segmented>0</segmented>
	<object>
		<name>D</name>
		<pose>Unspecified</pose>
		<truncated>0</truncated>
		<difficult>0</difficult>
		<occluded>0</occluded>
		<bndbox>
			<xmin>104</xmin>
			<xmax>284</xmax>
			<ymin>117</ymin>
			<ymax>281</ymax>
		</bndbox>
	</object>
</annotation>
