<annotation>
	<folder></folder>
	<filename>D_3448_jpeg.rf.20343aa106e97283ad6c4f3b782bdf01.jpg</filename>
	<path>D_3448_jpeg.rf.20343aa106e97283ad6c4f3b782bdf01.jpg</path>
	<source>
		<database>roboflow.ai</database>
	</source>
	<size>
		<width>416</width>
		<height>416</height>
		<depth>3</depth>
	</size>
	<segmented>0</segmented>
	<object>
		<name>D</name>
		<pose>Unspecified</pose>
		<truncated>0</truncated>
		<difficult>0</difficult>
		<occluded>0</occluded>
		<bndbox>
			<xmin>67</xmin>
			<xmax>227</xmax>
			<ymin>150</ymin>
			<ymax>322</ymax>
		</bndbox>
	</object>
</annotation>
