<annotation>
	<folder></folder>
	<filename>D_3472_jpeg.rf.d68eda6995f2140ef96365ce76094caa.jpg</filename>
	<path>D_3472_jpeg.rf.d68eda6995f2140ef96365ce76094caa.jpg</path>
	<source>
		<database>roboflow.ai</database>
	</source>
	<size>
		<width>416</width>
		<height>416</height>
		<depth>3</depth>
	</size>
	<segmented>0</segmented>
	<object>
		<name>D</name>
		<pose>Unspecified</pose>
		<truncated>0</truncated>
		<difficult>0</difficult>
		<occluded>0</occluded>
		<bndbox>
			<xmin>110</xmin>
			<xmax>253</xmax>
			<ymin>78</ymin>
			<ymax>223</ymax>
		</bndbox>
	</object>
</annotation>
