<annotation>
	<folder></folder>
	<filename>D_3556_JPG.rf.15c08df05115d196ef5232ba15de4faa.jpg</filename>
	<path>D_3556_JPG.rf.15c08df05115d196ef5232ba15de4faa.jpg</path>
	<source>
		<database>roboflow.ai</database>
	</source>
	<size>
		<width>416</width>
		<height>416</height>
		<depth>3</depth>
	</size>
	<segmented>0</segmented>
	<object>
		<name>D</name>
		<pose>Unspecified</pose>
		<truncated>0</truncated>
		<difficult>0</difficult>
		<occluded>0</occluded>
		<bndbox>
			<xmin>278</xmin>
			<xmax>370</xmax>
			<ymin>172</ymin>
			<ymax>243</ymax>
		</bndbox>
	</object>
</annotation>
