<annotation>
	<folder></folder>
	<filename>D_3520_JPG.rf.19728cee5484012982f75d6f8afa6042.jpg</filename>
	<path>D_3520_JPG.rf.19728cee5484012982f75d6f8afa6042.jpg</path>
	<source>
		<database>roboflow.ai</database>
	</source>
	<size>
		<width>416</width>
		<height>416</height>
		<depth>3</depth>
	</size>
	<segmented>0</segmented>
	<object>
		<name>D</name>
		<pose>Unspecified</pose>
		<truncated>0</truncated>
		<difficult>0</difficult>
		<occluded>0</occluded>
		<bndbox>
			<xmin>271</xmin>
			<xmax>351</xmax>
			<ymin>179</ymin>
			<ymax>240</ymax>
		</bndbox>
	</object>
</annotation>
