<annotation>
	<folder></folder>
	<filename>D_3544_JPG.rf.49312417a0bb1c76dbff49dcc23df653.jpg</filename>
	<path>D_3544_JPG.rf.49312417a0bb1c76dbff49dcc23df653.jpg</path>
	<source>
		<database>roboflow.ai</database>
	</source>
	<size>
		<width>416</width>
		<height>416</height>
		<depth>3</depth>
	</size>
	<segmented>0</segmented>
	<object>
		<name>D</name>
		<pose>Unspecified</pose>
		<truncated>0</truncated>
		<difficult>0</difficult>
		<occluded>0</occluded>
		<bndbox>
			<xmin>105</xmin>
			<xmax>187</xmax>
			<ymin>186</ymin>
			<ymax>254</ymax>
		</bndbox>
	</object>
</annotation>
