<annotation>
	<folder></folder>
	<filename>D_3532_JPG.rf.9e98eeadb6b6b3adf96cf540ea15bb19.jpg</filename>
	<path>D_3532_JPG.rf.9e98eeadb6b6b3adf96cf540ea15bb19.jpg</path>
	<source>
		<database>roboflow.ai</database>
	</source>
	<size>
		<width>416</width>
		<height>416</height>
		<depth>3</depth>
	</size>
	<segmented>0</segmented>
	<object>
		<name>D</name>
		<pose>Unspecified</pose>
		<truncated>0</truncated>
		<difficult>0</difficult>
		<occluded>0</occluded>
		<bndbox>
			<xmin>139</xmin>
			<xmax>222</xmax>
			<ymin>184</ymin>
			<ymax>254</ymax>
		</bndbox>
	</object>
</annotation>
