<annotation>
	<folder></folder>
	<filename>E_3580_jpg.rf.350a947969eb6fb98f4696ec2211a24d.jpg</filename>
	<path>E_3580_jpg.rf.350a947969eb6fb98f4696ec2211a24d.jpg</path>
	<source>
		<database>roboflow.ai</database>
	</source>
	<size>
		<width>416</width>
		<height>416</height>
		<depth>3</depth>
	</size>
	<segmented>0</segmented>
	<object>
		<name>E</name>
		<pose>Unspecified</pose>
		<truncated>0</truncated>
		<difficult>0</difficult>
		<occluded>0</occluded>
		<bndbox>
			<xmin>42</xmin>
			<xmax>221</xmax>
			<ymin>82</ymin>
			<ymax>333</ymax>
		</bndbox>
	</object>
</annotation>
