<annotation>
	<folder></folder>
	<filename>E_3592_JPG.rf.5bfbcce2e58415be79245c20e8df2601.jpg</filename>
	<path>E_3592_JPG.rf.5bfbcce2e58415be79245c20e8df2601.jpg</path>
	<source>
		<database>roboflow.ai</database>
	</source>
	<size>
		<width>416</width>
		<height>416</height>
		<depth>3</depth>
	</size>
	<segmented>0</segmented>
	<object>
		<name>E</name>
		<pose>Unspecified</pose>
		<truncated>0</truncated>
		<difficult>0</difficult>
		<occluded>0</occluded>
		<bndbox>
			<xmin>42</xmin>
			<xmax>112</xmax>
			<ymin>201</ymin>
			<ymax>256</ymax>
		</bndbox>
	</object>
</annotation>
