<annotation>
	<folder></folder>
	<filename>E_3604_JPG.rf.7ce843da06d19eb812b8c2cd62320ba2.jpg</filename>
	<path>E_3604_JPG.rf.7ce843da06d19eb812b8c2cd62320ba2.jpg</path>
	<source>
		<database>roboflow.ai</database>
	</source>
	<size>
		<width>416</width>
		<height>416</height>
		<depth>3</depth>
	</size>
	<segmented>0</segmented>
	<object>
		<name>E</name>
		<pose>Unspecified</pose>
		<truncated>0</truncated>
		<difficult>0</difficult>
		<occluded>0</occluded>
		<bndbox>
			<xmin>306</xmin>
			<xmax>361</xmax>
			<ymin>199</ymin>
			<ymax>242</ymax>
		</bndbox>
	</object>
</annotation>
