<annotation>
	<folder></folder>
	<filename>E_3616_JPG.rf.ab0e3c923e985af82e5585fa0f910a22.jpg</filename>
	<path>E_3616_JPG.rf.ab0e3c923e985af82e5585fa0f910a22.jpg</path>
	<source>
		<database>roboflow.ai</database>
	</source>
	<size>
		<width>416</width>
		<height>416</height>
		<depth>3</depth>
	</size>
	<segmented>0</segmented>
	<object>
		<name>E</name>
		<pose>Unspecified</pose>
		<truncated>0</truncated>
		<difficult>0</difficult>
		<occluded>0</occluded>
		<bndbox>
			<xmin>295</xmin>
			<xmax>385</xmax>
			<ymin>172</ymin>
			<ymax>235</ymax>
		</bndbox>
	</object>
</annotation>
