<annotation>
	<folder></folder>
	<filename>E_3640_JPG.rf.e4d7c51ebdbeabfbf5dee5de3c6c6a90.jpg</filename>
	<path>E_3640_JPG.rf.e4d7c51ebdbeabfbf5dee5de3c6c6a90.jpg</path>
	<source>
		<database>roboflow.ai</database>
	</source>
	<size>
		<width>416</width>
		<height>416</height>
		<depth>3</depth>
	</size>
	<segmented>0</segmented>
	<object>
		<name>E</name>
		<pose>Unspecified</pose>
		<truncated>0</truncated>
		<difficult>0</difficult>
		<occluded>0</occluded>
		<bndbox>
			<xmin>131</xmin>
			<xmax>199</xmax>
			<ymin>253</ymin>
			<ymax>291</ymax>
		</bndbox>
	</object>
</annotation>
