<annotation>
	<folder></folder>
	<filename>E_3628_JPG.rf.ebc00837be425b6ec46a7d201e952f4a.jpg</filename>
	<path>E_3628_JPG.rf.ebc00837be425b6ec46a7d201e952f4a.jpg</path>
	<source>
		<database>roboflow.ai</database>
	</source>
	<size>
		<width>416</width>
		<height>416</height>
		<depth>3</depth>
	</size>
	<segmented>0</segmented>
	<object>
		<name>E</name>
		<pose>Unspecified</pose>
		<truncated>0</truncated>
		<difficult>0</difficult>
		<occluded>0</occluded>
		<bndbox>
			<xmin>231</xmin>
			<xmax>308</xmax>
			<ymin>228</ymin>
			<ymax>289</ymax>
		</bndbox>
	</object>
</annotation>
