<annotation>
	<folder></folder>
	<filename>E_3664_JPG.rf.1a8161859ae7250a7e6ac15b421e4aa0.jpg</filename>
	<path>E_3664_JPG.rf.1a8161859ae7250a7e6ac15b421e4aa0.jpg</path>
	<source>
		<database>roboflow.ai</database>
	</source>
	<size>
		<width>416</width>
		<height>416</height>
		<depth>3</depth>
	</size>
	<segmented>0</segmented>
	<object>
		<name>E</name>
		<pose>Unspecified</pose>
		<truncated>0</truncated>
		<difficult>0</difficult>
		<occluded>0</occluded>
		<bndbox>
			<xmin>30</xmin>
			<xmax>113</xmax>
			<ymin>190</ymin>
			<ymax>245</ymax>
		</bndbox>
	</object>
</annotation>
