<annotation>
	<folder></folder>
	<filename>E_3676_JPG.rf.36b5a1672b919c4465e699c1b6f8ccd1.jpg</filename>
	<path>E_3676_JPG.rf.36b5a1672b919c4465e699c1b6f8ccd1.jpg</path>
	<source>
		<database>roboflow.ai</database>
	</source>
	<size>
		<width>416</width>
		<height>416</height>
		<depth>3</depth>
	</size>
	<segmented>0</segmented>
	<object>
		<name>E</name>
		<pose>Unspecified</pose>
		<truncated>0</truncated>
		<difficult>0</difficult>
		<occluded>0</occluded>
		<bndbox>
			<xmin>307</xmin>
			<xmax>391</xmax>
			<ymin>140</ymin>
			<ymax>185</ymax>
		</bndbox>
	</object>
</annotation>
