<annotation>
	<folder></folder>
	<filename>E_3652_JPG.rf.ef96b648b8902cb92f9a28735fc716aa.jpg</filename>
	<path>E_3652_JPG.rf.ef96b648b8902cb92f9a28735fc716aa.jpg</path>
	<source>
		<database>roboflow.ai</database>
	</source>
	<size>
		<width>416</width>
		<height>416</height>
		<depth>3</depth>
	</size>
	<segmented>0</segmented>
	<object>
		<name>E</name>
		<pose>Unspecified</pose>
		<truncated>0</truncated>
		<difficult>0</difficult>
		<occluded>0</occluded>
		<bndbox>
			<xmin>235</xmin>
			<xmax>331</xmax>
			<ymin>167</ymin>
			<ymax>220</ymax>
		</bndbox>
	</object>
</annotation>
