<annotation>
	<folder></folder>
	<filename>E_3688_JPG.rf.5f28b46a09bfe4c82c8a05fba90dc9b2.jpg</filename>
	<path>E_3688_JPG.rf.5f28b46a09bfe4c82c8a05fba90dc9b2.jpg</path>
	<source>
		<database>roboflow.ai</database>
	</source>
	<size>
		<width>416</width>
		<height>416</height>
		<depth>3</depth>
	</size>
	<segmented>0</segmented>
	<object>
		<name>E</name>
		<pose>Unspecified</pose>
		<truncated>0</truncated>
		<difficult>0</difficult>
		<occluded>0</occluded>
		<bndbox>
			<xmin>251</xmin>
			<xmax>312</xmax>
			<ymin>234</ymin>
			<ymax>283</ymax>
		</bndbox>
	</object>
</annotation>
