<annotation>
	<folder></folder>
	<filename>E_3748_JPG.rf.166380ad24e79f6379c28793a29700b8.jpg</filename>
	<path>E_3748_JPG.rf.166380ad24e79f6379c28793a29700b8.jpg</path>
	<source>
		<database>roboflow.ai</database>
	</source>
	<size>
		<width>416</width>
		<height>416</height>
		<depth>3</depth>
	</size>
	<segmented>0</segmented>
	<object>
		<name>E</name>
		<pose>Unspecified</pose>
		<truncated>0</truncated>
		<difficult>0</difficult>
		<occluded>0</occluded>
		<bndbox>
			<xmin>285</xmin>
			<xmax>351</xmax>
			<ymin>188</ymin>
			<ymax>232</ymax>
		</bndbox>
	</object>
</annotation>
