<annotation>
	<folder></folder>
	<filename>E_3760_JPG.rf.924af3671b30c42dfdfecd41add8aaca.jpg</filename>
	<path>E_3760_JPG.rf.924af3671b30c42dfdfecd41add8aaca.jpg</path>
	<source>
		<database>roboflow.ai</database>
	</source>
	<size>
		<width>416</width>
		<height>416</height>
		<depth>3</depth>
	</size>
	<segmented>0</segmented>
	<object>
		<name>E</name>
		<pose>Unspecified</pose>
		<truncated>0</truncated>
		<difficult>0</difficult>
		<occluded>0</occluded>
		<bndbox>
			<xmin>257</xmin>
			<xmax>337</xmax>
			<ymin>130</ymin>
			<ymax>197</ymax>
		</bndbox>
	</object>
</annotation>
