<annotation>
	<folder></folder>
	<filename>E_3784_JPG.rf.891de138013f6abb255acca257b87e82.jpg</filename>
	<path>E_3784_JPG.rf.891de138013f6abb255acca257b87e82.jpg</path>
	<source>
		<database>roboflow.ai</database>
	</source>
	<size>
		<width>416</width>
		<height>416</height>
		<depth>3</depth>
	</size>
	<segmented>0</segmented>
	<object>
		<name>E</name>
		<pose>Unspecified</pose>
		<truncated>0</truncated>
		<difficult>0</difficult>
		<occluded>0</occluded>
		<bndbox>
			<xmin>195</xmin>
			<xmax>256</xmax>
			<ymin>214</ymin>
			<ymax>251</ymax>
		</bndbox>
	</object>
</annotation>
