<annotation>
	<folder></folder>
	<filename>E_3736_JPG.rf.9f859f47384d8477d67013e7517e6c71.jpg</filename>
	<path>E_3736_JPG.rf.9f859f47384d8477d67013e7517e6c71.jpg</path>
	<source>
		<database>roboflow.ai</database>
	</source>
	<size>
		<width>416</width>
		<height>416</height>
		<depth>3</depth>
	</size>
	<segmented>0</segmented>
	<object>
		<name>E</name>
		<pose>Unspecified</pose>
		<truncated>0</truncated>
		<difficult>0</difficult>
		<occluded>0</occluded>
		<bndbox>
			<xmin>45</xmin>
			<xmax>98</xmax>
			<ymin>207</ymin>
			<ymax>262</ymax>
		</bndbox>
	</object>
</annotation>
