<annotation>
	<folder></folder>
	<filename>E_3796_JPG.rf.1b933ad233689cd31e37e6d83041cfce.jpg</filename>
	<path>E_3796_JPG.rf.1b933ad233689cd31e37e6d83041cfce.jpg</path>
	<source>
		<database>roboflow.ai</database>
	</source>
	<size>
		<width>416</width>
		<height>416</height>
		<depth>3</depth>
	</size>
	<segmented>0</segmented>
	<object>
		<name>E</name>
		<pose>Unspecified</pose>
		<truncated>0</truncated>
		<difficult>0</difficult>
		<occluded>0</occluded>
		<bndbox>
			<xmin>185</xmin>
			<xmax>250</xmax>
			<ymin>214</ymin>
			<ymax>267</ymax>
		</bndbox>
	</object>
</annotation>
