<annotation>
	<folder></folder>
	<filename>E_3724_JPG.rf.d87c9a2a8b78a36f9772b3ec2335da07.jpg</filename>
	<path>E_3724_JPG.rf.d87c9a2a8b78a36f9772b3ec2335da07.jpg</path>
	<source>
		<database>roboflow.ai</database>
	</source>
	<size>
		<width>416</width>
		<height>416</height>
		<depth>3</depth>
	</size>
	<segmented>0</segmented>
	<object>
		<name>E</name>
		<pose>Unspecified</pose>
		<truncated>0</truncated>
		<difficult>0</difficult>
		<occluded>0</occluded>
		<bndbox>
			<xmin>272</xmin>
			<xmax>348</xmax>
			<ymin>174</ymin>
			<ymax>224</ymax>
		</bndbox>
	</object>
</annotation>
