<annotation>
	<folder></folder>
	<filename>E_3892_JPG.rf.2cff0242da58dc0944432df17c3ec039.jpg</filename>
	<path>E_3892_JPG.rf.2cff0242da58dc0944432df17c3ec039.jpg</path>
	<source>
		<database>roboflow.ai</database>
	</source>
	<size>
		<width>416</width>
		<height>416</height>
		<depth>3</depth>
	</size>
	<segmented>0</segmented>
	<object>
		<name>E</name>
		<pose>Unspecified</pose>
		<truncated>0</truncated>
		<difficult>0</difficult>
		<occluded>0</occluded>
		<bndbox>
			<xmin>77</xmin>
			<xmax>147</xmax>
			<ymin>235</ymin>
			<ymax>295</ymax>
		</bndbox>
	</object>
</annotation>
