<annotation>
	<folder></folder>
	<filename>E_3844_JPG.rf.23f53d5cb7f290f5fc882c2f2915fe9e.jpg</filename>
	<path>E_3844_JPG.rf.23f53d5cb7f290f5fc882c2f2915fe9e.jpg</path>
	<source>
		<database>roboflow.ai</database>
	</source>
	<size>
		<width>416</width>
		<height>416</height>
		<depth>3</depth>
	</size>
	<segmented>0</segmented>
	<object>
		<name>E</name>
		<pose>Unspecified</pose>
		<truncated>0</truncated>
		<difficult>0</difficult>
		<occluded>0</occluded>
		<bndbox>
			<xmin>90</xmin>
			<xmax>136</xmax>
			<ymin>307</ymin>
			<ymax>346</ymax>
		</bndbox>
	</object>
</annotation>
