<annotation>
	<folder></folder>
	<filename>E_3820_JPG.rf.55040fe585dd7ec9eb3272435070527f.jpg</filename>
	<path>E_3820_JPG.rf.55040fe585dd7ec9eb3272435070527f.jpg</path>
	<source>
		<database>roboflow.ai</database>
	</source>
	<size>
		<width>416</width>
		<height>416</height>
		<depth>3</depth>
	</size>
	<segmented>0</segmented>
	<object>
		<name>E</name>
		<pose>Unspecified</pose>
		<truncated>0</truncated>
		<difficult>0</difficult>
		<occluded>0</occluded>
		<bndbox>
			<xmin>156</xmin>
			<xmax>205</xmax>
			<ymin>245</ymin>
			<ymax>281</ymax>
		</bndbox>
	</object>
</annotation>
