<annotation>
	<folder></folder>
	<filename>E_3808_JPG.rf.1606322fb8cc957061a3b82a8f8df3ad.jpg</filename>
	<path>E_3808_JPG.rf.1606322fb8cc957061a3b82a8f8df3ad.jpg</path>
	<source>
		<database>roboflow.ai</database>
	</source>
	<size>
		<width>416</width>
		<height>416</height>
		<depth>3</depth>
	</size>
	<segmented>0</segmented>
	<object>
		<name>E</name>
		<pose>Unspecified</pose>
		<truncated>0</truncated>
		<difficult>0</difficult>
		<occluded>0</occluded>
		<bndbox>
			<xmin>46</xmin>
			<xmax>132</xmax>
			<ymin>216</ymin>
			<ymax>265</ymax>
		</bndbox>
	</object>
</annotation>
