<annotation>
	<folder></folder>
	<filename>E_3868_JPG.rf.fb5c9ffa158599b0f07318f76dd9ffbc.jpg</filename>
	<path>E_3868_JPG.rf.fb5c9ffa158599b0f07318f76dd9ffbc.jpg</path>
	<source>
		<database>roboflow.ai</database>
	</source>
	<size>
		<width>416</width>
		<height>416</height>
		<depth>3</depth>
	</size>
	<segmented>0</segmented>
	<object>
		<name>E</name>
		<pose>Unspecified</pose>
		<truncated>0</truncated>
		<difficult>0</difficult>
		<occluded>0</occluded>
		<bndbox>
			<xmin>226</xmin>
			<xmax>287</xmax>
			<ymin>231</ymin>
			<ymax>272</ymax>
		</bndbox>
	</object>
</annotation>
