<annotation>
	<folder></folder>
	<filename>E_3856_JPG.rf.9fc18a1b50080f69a1fc7134e311d34d.jpg</filename>
	<path>E_3856_JPG.rf.9fc18a1b50080f69a1fc7134e311d34d.jpg</path>
	<source>
		<database>roboflow.ai</database>
	</source>
	<size>
		<width>416</width>
		<height>416</height>
		<depth>3</depth>
	</size>
	<segmented>0</segmented>
	<object>
		<name>E</name>
		<pose>Unspecified</pose>
		<truncated>0</truncated>
		<difficult>0</difficult>
		<occluded>0</occluded>
		<bndbox>
			<xmin>212</xmin>
			<xmax>271</xmax>
			<ymin>229</ymin>
			<ymax>263</ymax>
		</bndbox>
	</object>
</annotation>
