<annotation>
	<folder></folder>
	<filename>E_3880_JPG.rf.b036b808f02098c051883844e4e80971.jpg</filename>
	<path>E_3880_JPG.rf.b036b808f02098c051883844e4e80971.jpg</path>
	<source>
		<database>roboflow.ai</database>
	</source>
	<size>
		<width>416</width>
		<height>416</height>
		<depth>3</depth>
	</size>
	<segmented>0</segmented>
	<object>
		<name>E</name>
		<pose>Unspecified</pose>
		<truncated>0</truncated>
		<difficult>0</difficult>
		<occluded>0</occluded>
		<bndbox>
			<xmin>154</xmin>
			<xmax>205</xmax>
			<ymin>215</ymin>
			<ymax>260</ymax>
		</bndbox>
	</object>
</annotation>
