<annotation>
	<folder></folder>
	<filename>E_3832_JPG.rf.c3d580ef50f6f3bab7a534f0d9c1bad8.jpg</filename>
	<path>E_3832_JPG.rf.c3d580ef50f6f3bab7a534f0d9c1bad8.jpg</path>
	<source>
		<database>roboflow.ai</database>
	</source>
	<size>
		<width>416</width>
		<height>416</height>
		<depth>3</depth>
	</size>
	<segmented>0</segmented>
	<object>
		<name>E</name>
		<pose>Unspecified</pose>
		<truncated>0</truncated>
		<difficult>0</difficult>
		<occluded>0</occluded>
		<bndbox>
			<xmin>156</xmin>
			<xmax>201</xmax>
			<ymin>165</ymin>
			<ymax>205</ymax>
		</bndbox>
	</object>
</annotation>
