<annotation>
	<folder></folder>
	<filename>E_3940_jpg.rf.869ed2ce2088153f22129c2658c876bc.jpg</filename>
	<path>E_3940_jpg.rf.869ed2ce2088153f22129c2658c876bc.jpg</path>
	<source>
		<database>roboflow.ai</database>
	</source>
	<size>
		<width>416</width>
		<height>416</height>
		<depth>3</depth>
	</size>
	<segmented>0</segmented>
	<object>
		<name>E</name>
		<pose>Unspecified</pose>
		<truncated>0</truncated>
		<difficult>0</difficult>
		<occluded>0</occluded>
		<bndbox>
			<xmin>207</xmin>
			<xmax>354</xmax>
			<ymin>104</ymin>
			<ymax>215</ymax>
		</bndbox>
	</object>
</annotation>
