<annotation>
	<folder></folder>
	<filename>E_3916_JPG.rf.93f65d30a78dc318f78f62f8954a76c2.jpg</filename>
	<path>E_3916_JPG.rf.93f65d30a78dc318f78f62f8954a76c2.jpg</path>
	<source>
		<database>roboflow.ai</database>
	</source>
	<size>
		<width>416</width>
		<height>416</height>
		<depth>3</depth>
	</size>
	<segmented>0</segmented>
	<object>
		<name>E</name>
		<pose>Unspecified</pose>
		<truncated>0</truncated>
		<difficult>0</difficult>
		<occluded>0</occluded>
		<bndbox>
			<xmin>213</xmin>
			<xmax>290</xmax>
			<ymin>152</ymin>
			<ymax>217</ymax>
		</bndbox>
	</object>
</annotation>
