<annotation>
	<folder></folder>
	<filename>E_3928_JPG.rf.7d835df536c035f8e119da3e2437fce9.jpg</filename>
	<path>E_3928_JPG.rf.7d835df536c035f8e119da3e2437fce9.jpg</path>
	<source>
		<database>roboflow.ai</database>
	</source>
	<size>
		<width>416</width>
		<height>416</height>
		<depth>3</depth>
	</size>
	<segmented>0</segmented>
	<object>
		<name>E</name>
		<pose>Unspecified</pose>
		<truncated>0</truncated>
		<difficult>0</difficult>
		<occluded>0</occluded>
		<bndbox>
			<xmin>120</xmin>
			<xmax>188</xmax>
			<ymin>152</ymin>
			<ymax>215</ymax>
		</bndbox>
	</object>
</annotation>
