<annotation>
	<folder></folder>
	<filename>E_3976_jpg.rf.c865c161bd6e5ebd289b7fae573c6a8c.jpg</filename>
	<path>E_3976_jpg.rf.c865c161bd6e5ebd289b7fae573c6a8c.jpg</path>
	<source>
		<database>roboflow.ai</database>
	</source>
	<size>
		<width>416</width>
		<height>416</height>
		<depth>3</depth>
	</size>
	<segmented>0</segmented>
	<object>
		<name>E</name>
		<pose>Unspecified</pose>
		<truncated>0</truncated>
		<difficult>0</difficult>
		<occluded>0</occluded>
		<bndbox>
			<xmin>241</xmin>
			<xmax>416</xmax>
			<ymin>112</ymin>
			<ymax>277</ymax>
		</bndbox>
	</object>
</annotation>
