<annotation>
	<folder></folder>
	<filename>E_3952_jpg.rf.07e8c730ce1b2fbc035bb3c2360a4bcb.jpg</filename>
	<path>E_3952_jpg.rf.07e8c730ce1b2fbc035bb3c2360a4bcb.jpg</path>
	<source>
		<database>roboflow.ai</database>
	</source>
	<size>
		<width>416</width>
		<height>416</height>
		<depth>3</depth>
	</size>
	<segmented>0</segmented>
	<object>
		<name>E</name>
		<pose>Unspecified</pose>
		<truncated>0</truncated>
		<difficult>0</difficult>
		<occluded>0</occluded>
		<bndbox>
			<xmin>160</xmin>
			<xmax>355</xmax>
			<ymin>121</ymin>
			<ymax>242</ymax>
		</bndbox>
	</object>
</annotation>
