<annotation>
	<folder></folder>
	<filename>E_3904_JPG.rf.6ab852954402a815e909eab73a132c6b.jpg</filename>
	<path>E_3904_JPG.rf.6ab852954402a815e909eab73a132c6b.jpg</path>
	<source>
		<database>roboflow.ai</database>
	</source>
	<size>
		<width>416</width>
		<height>416</height>
		<depth>3</depth>
	</size>
	<segmented>0</segmented>
	<object>
		<name>E</name>
		<pose>Unspecified</pose>
		<truncated>0</truncated>
		<difficult>0</difficult>
		<occluded>0</occluded>
		<bndbox>
			<xmin>186</xmin>
			<xmax>253</xmax>
			<ymin>219</ymin>
			<ymax>280</ymax>
		</bndbox>
	</object>
</annotation>
