<annotation>
	<folder></folder>
	<filename>E_3964_jpg.rf.310a4d8a40af4459b205f84c7a2d6990.jpg</filename>
	<path>E_3964_jpg.rf.310a4d8a40af4459b205f84c7a2d6990.jpg</path>
	<source>
		<database>roboflow.ai</database>
	</source>
	<size>
		<width>416</width>
		<height>416</height>
		<depth>3</depth>
	</size>
	<segmented>0</segmented>
	<object>
		<name>E</name>
		<pose>Unspecified</pose>
		<truncated>0</truncated>
		<difficult>0</difficult>
		<occluded>0</occluded>
		<bndbox>
			<xmin>126</xmin>
			<xmax>292</xmax>
			<ymin>146</ymin>
			<ymax>290</ymax>
		</bndbox>
	</object>
</annotation>
