<annotation>
	<folder></folder>
	<filename>E_3988_jpg.rf.329366d5ed634316d0bc4c1c4fea8916.jpg</filename>
	<path>E_3988_jpg.rf.329366d5ed634316d0bc4c1c4fea8916.jpg</path>
	<source>
		<database>roboflow.ai</database>
	</source>
	<size>
		<width>416</width>
		<height>416</height>
		<depth>3</depth>
	</size>
	<segmented>0</segmented>
	<object>
		<name>E</name>
		<pose>Unspecified</pose>
		<truncated>0</truncated>
		<difficult>0</difficult>
		<occluded>0</occluded>
		<bndbox>
			<xmin>35</xmin>
			<xmax>269</xmax>
			<ymin>94</ymin>
			<ymax>267</ymax>
		</bndbox>
	</object>
</annotation>
