<annotation>
	<folder></folder>
	<filename>E_4060_jpeg.rf.2be2f294d044aaaa77d01ca9bc536041.jpg</filename>
	<path>E_4060_jpeg.rf.2be2f294d044aaaa77d01ca9bc536041.jpg</path>
	<source>
		<database>roboflow.ai</database>
	</source>
	<size>
		<width>416</width>
		<height>416</height>
		<depth>3</depth>
	</size>
	<segmented>0</segmented>
	<object>
		<name>E</name>
		<pose>Unspecified</pose>
		<truncated>0</truncated>
		<difficult>0</difficult>
		<occluded>0</occluded>
		<bndbox>
			<xmin>49</xmin>
			<xmax>179</xmax>
			<ymin>169</ymin>
			<ymax>311</ymax>
		</bndbox>
	</object>
</annotation>
