<annotation>
	<folder></folder>
	<filename>E_4096_jpeg.rf.a7d91e9dd70086c78281049a8907a5fe.jpg</filename>
	<path>E_4096_jpeg.rf.a7d91e9dd70086c78281049a8907a5fe.jpg</path>
	<source>
		<database>roboflow.ai</database>
	</source>
	<size>
		<width>416</width>
		<height>416</height>
		<depth>3</depth>
	</size>
	<segmented>0</segmented>
	<object>
		<name>E</name>
		<pose>Unspecified</pose>
		<truncated>0</truncated>
		<difficult>0</difficult>
		<occluded>0</occluded>
		<bndbox>
			<xmin>1</xmin>
			<xmax>213</xmax>
			<ymin>213</ymin>
			<ymax>416</ymax>
		</bndbox>
	</object>
</annotation>
