<annotation>
	<folder></folder>
	<filename>E_4036_jpeg.rf.aed88bbb500eac7e592a0fb4b44df3f1.jpg</filename>
	<path>E_4036_jpeg.rf.aed88bbb500eac7e592a0fb4b44df3f1.jpg</path>
	<source>
		<database>roboflow.ai</database>
	</source>
	<size>
		<width>416</width>
		<height>416</height>
		<depth>3</depth>
	</size>
	<segmented>0</segmented>
	<object>
		<name>E</name>
		<pose>Unspecified</pose>
		<truncated>0</truncated>
		<difficult>0</difficult>
		<occluded>0</occluded>
		<bndbox>
			<xmin>190</xmin>
			<xmax>372</xmax>
			<ymin>141</ymin>
			<ymax>273</ymax>
		</bndbox>
	</object>
</annotation>
