<annotation>
	<folder></folder>
	<filename>E_4072_jpeg.rf.8fb4e8ecc5adb26e91332095067083ec.jpg</filename>
	<path>E_4072_jpeg.rf.8fb4e8ecc5adb26e91332095067083ec.jpg</path>
	<source>
		<database>roboflow.ai</database>
	</source>
	<size>
		<width>416</width>
		<height>416</height>
		<depth>3</depth>
	</size>
	<segmented>0</segmented>
	<object>
		<name>E</name>
		<pose>Unspecified</pose>
		<truncated>0</truncated>
		<difficult>0</difficult>
		<occluded>0</occluded>
		<bndbox>
			<xmin>147</xmin>
			<xmax>270</xmax>
			<ymin>160</ymin>
			<ymax>306</ymax>
		</bndbox>
	</object>
</annotation>
