<annotation>
	<folder></folder>
	<filename>E_4048_jpeg.rf.4f32c6b1bb43e4dfb206d58820d4aa3b.jpg</filename>
	<path>E_4048_jpeg.rf.4f32c6b1bb43e4dfb206d58820d4aa3b.jpg</path>
	<source>
		<database>roboflow.ai</database>
	</source>
	<size>
		<width>416</width>
		<height>416</height>
		<depth>3</depth>
	</size>
	<segmented>0</segmented>
	<object>
		<name>E</name>
		<pose>Unspecified</pose>
		<truncated>0</truncated>
		<difficult>0</difficult>
		<occluded>0</occluded>
		<bndbox>
			<xmin>56</xmin>
			<xmax>134</xmax>
			<ymin>143</ymin>
			<ymax>232</ymax>
		</bndbox>
	</object>
</annotation>
