<annotation>
	<folder></folder>
	<filename>E_4000_JPG.rf.51f837f26e7b55387f8e245301d7076e.jpg</filename>
	<path>E_4000_JPG.rf.51f837f26e7b55387f8e245301d7076e.jpg</path>
	<source>
		<database>roboflow.ai</database>
	</source>
	<size>
		<width>416</width>
		<height>416</height>
		<depth>3</depth>
	</size>
	<segmented>0</segmented>
	<object>
		<name>E</name>
		<pose>Unspecified</pose>
		<truncated>0</truncated>
		<difficult>0</difficult>
		<occluded>0</occluded>
		<bndbox>
			<xmin>111</xmin>
			<xmax>191</xmax>
			<ymin>194</ymin>
			<ymax>254</ymax>
		</bndbox>
	</object>
</annotation>
