<annotation>
	<folder></folder>
	<filename>E_4084_jpeg.rf.5a169329b05131f10d6cf6cc3ed1c881.jpg</filename>
	<path>E_4084_jpeg.rf.5a169329b05131f10d6cf6cc3ed1c881.jpg</path>
	<source>
		<database>roboflow.ai</database>
	</source>
	<size>
		<width>416</width>
		<height>416</height>
		<depth>3</depth>
	</size>
	<segmented>0</segmented>
	<object>
		<name>E</name>
		<pose>Unspecified</pose>
		<truncated>0</truncated>
		<difficult>0</difficult>
		<occluded>0</occluded>
		<bndbox>
			<xmin>99</xmin>
			<xmax>261</xmax>
			<ymin>215</ymin>
			<ymax>353</ymax>
		</bndbox>
	</object>
</annotation>
