<annotation>
	<folder></folder>
	<filename>E_4012_JPG.rf.e1ddc5bed492ac29ae95b3045e602fa8.jpg</filename>
	<path>E_4012_JPG.rf.e1ddc5bed492ac29ae95b3045e602fa8.jpg</path>
	<source>
		<database>roboflow.ai</database>
	</source>
	<size>
		<width>416</width>
		<height>416</height>
		<depth>3</depth>
	</size>
	<segmented>0</segmented>
	<object>
		<name>E</name>
		<pose>Unspecified</pose>
		<truncated>0</truncated>
		<difficult>0</difficult>
		<occluded>0</occluded>
		<bndbox>
			<xmin>256</xmin>
			<xmax>335</xmax>
			<ymin>174</ymin>
			<ymax>229</ymax>
		</bndbox>
	</object>
</annotation>
