<annotation>
	<folder></folder>
	<filename>E_4024_jpg.rf.8beda0664c90f6e5943579198a4bae43.jpg</filename>
	<path>E_4024_jpg.rf.8beda0664c90f6e5943579198a4bae43.jpg</path>
	<source>
		<database>roboflow.ai</database>
	</source>
	<size>
		<width>416</width>
		<height>416</height>
		<depth>3</depth>
	</size>
	<segmented>0</segmented>
	<object>
		<name>E</name>
		<pose>Unspecified</pose>
		<truncated>0</truncated>
		<difficult>0</difficult>
		<occluded>0</occluded>
		<bndbox>
			<xmin>23</xmin>
			<xmax>184</xmax>
			<ymin>107</ymin>
			<ymax>302</ymax>
		</bndbox>
	</object>
</annotation>
