<annotation>
	<folder></folder>
	<filename>E_4108_jpeg.rf.1f86f30203d4ba92c5b521e0370e5621.jpg</filename>
	<path>E_4108_jpeg.rf.1f86f30203d4ba92c5b521e0370e5621.jpg</path>
	<source>
		<database>roboflow.ai</database>
	</source>
	<size>
		<width>416</width>
		<height>416</height>
		<depth>3</depth>
	</size>
	<segmented>0</segmented>
	<object>
		<name>E</name>
		<pose>Unspecified</pose>
		<truncated>0</truncated>
		<difficult>0</difficult>
		<occluded>0</occluded>
		<bndbox>
			<xmin>27</xmin>
			<xmax>169</xmax>
			<ymin>189</ymin>
			<ymax>331</ymax>
		</bndbox>
	</object>
</annotation>
