<annotation>
	<folder></folder>
	<filename>E_4156_jpeg.rf.d9bc3897b5e0f4ccb4fad7150dfd1eb6.jpg</filename>
	<path>E_4156_jpeg.rf.d9bc3897b5e0f4ccb4fad7150dfd1eb6.jpg</path>
	<source>
		<database>roboflow.ai</database>
	</source>
	<size>
		<width>416</width>
		<height>416</height>
		<depth>3</depth>
	</size>
	<segmented>0</segmented>
	<object>
		<name>E</name>
		<pose>Unspecified</pose>
		<truncated>0</truncated>
		<difficult>0</difficult>
		<occluded>0</occluded>
		<bndbox>
			<xmin>86</xmin>
			<xmax>320</xmax>
			<ymin>155</ymin>
			<ymax>351</ymax>
		</bndbox>
	</object>
</annotation>
