<annotation>
	<folder></folder>
	<filename>E_4192_JPG.rf.939ccdd27ac3efd21834ac6f24b018c5.jpg</filename>
	<path>E_4192_JPG.rf.939ccdd27ac3efd21834ac6f24b018c5.jpg</path>
	<source>
		<database>roboflow.ai</database>
	</source>
	<size>
		<width>416</width>
		<height>416</height>
		<depth>3</depth>
	</size>
	<segmented>0</segmented>
	<object>
		<name>E</name>
		<pose>Unspecified</pose>
		<truncated>0</truncated>
		<difficult>0</difficult>
		<occluded>0</occluded>
		<bndbox>
			<xmin>143</xmin>
			<xmax>230</xmax>
			<ymin>196</ymin>
			<ymax>259</ymax>
		</bndbox>
	</object>
</annotation>
