<annotation>
	<folder></folder>
	<filename>E_4168_JPG.rf.dfcd7a8a0562c3324a405e3ebf8728e2.jpg</filename>
	<path>E_4168_JPG.rf.dfcd7a8a0562c3324a405e3ebf8728e2.jpg</path>
	<source>
		<database>roboflow.ai</database>
	</source>
	<size>
		<width>416</width>
		<height>416</height>
		<depth>3</depth>
	</size>
	<segmented>0</segmented>
	<object>
		<name>E</name>
		<pose>Unspecified</pose>
		<truncated>0</truncated>
		<difficult>0</difficult>
		<occluded>0</occluded>
		<bndbox>
			<xmin>88</xmin>
			<xmax>161</xmax>
			<ymin>158</ymin>
			<ymax>220</ymax>
		</bndbox>
	</object>
</annotation>
