<annotation>
	<folder></folder>
	<filename>E_4120_jpeg.rf.7385137d998c09ffb4f09fbfa69279a8.jpg</filename>
	<path>E_4120_jpeg.rf.7385137d998c09ffb4f09fbfa69279a8.jpg</path>
	<source>
		<database>roboflow.ai</database>
	</source>
	<size>
		<width>416</width>
		<height>416</height>
		<depth>3</depth>
	</size>
	<segmented>0</segmented>
	<object>
		<name>E</name>
		<pose>Unspecified</pose>
		<truncated>0</truncated>
		<difficult>0</difficult>
		<occluded>0</occluded>
		<bndbox>
			<xmin>40</xmin>
			<xmax>176</xmax>
			<ymin>156</ymin>
			<ymax>284</ymax>
		</bndbox>
	</object>
</annotation>
