<annotation>
	<folder></folder>
	<filename>E_4144_jpeg.rf.f7fec7837cced56b0b5cd54e0cd5767c.jpg</filename>
	<path>E_4144_jpeg.rf.f7fec7837cced56b0b5cd54e0cd5767c.jpg</path>
	<source>
		<database>roboflow.ai</database>
	</source>
	<size>
		<width>416</width>
		<height>416</height>
		<depth>3</depth>
	</size>
	<segmented>0</segmented>
	<object>
		<name>E</name>
		<pose>Unspecified</pose>
		<truncated>0</truncated>
		<difficult>0</difficult>
		<occluded>0</occluded>
		<bndbox>
			<xmin>166</xmin>
			<xmax>260</xmax>
			<ymin>125</ymin>
			<ymax>244</ymax>
		</bndbox>
	</object>
</annotation>
