<annotation>
	<folder></folder>
	<filename>E_4132_jpeg.rf.8b99cd1609c9d82177655ee842ee0457.jpg</filename>
	<path>E_4132_jpeg.rf.8b99cd1609c9d82177655ee842ee0457.jpg</path>
	<source>
		<database>roboflow.ai</database>
	</source>
	<size>
		<width>416</width>
		<height>416</height>
		<depth>3</depth>
	</size>
	<segmented>0</segmented>
	<object>
		<name>E</name>
		<pose>Unspecified</pose>
		<truncated>0</truncated>
		<difficult>0</difficult>
		<occluded>0</occluded>
		<bndbox>
			<xmin>23</xmin>
			<xmax>204</xmax>
			<ymin>217</ymin>
			<ymax>416</ymax>
		</bndbox>
	</object>
</annotation>
