<annotation>
	<folder></folder>
	<filename>E_4180_JPG.rf.822cc1d55912647ad142e6c6227418a0.jpg</filename>
	<path>E_4180_JPG.rf.822cc1d55912647ad142e6c6227418a0.jpg</path>
	<source>
		<database>roboflow.ai</database>
	</source>
	<size>
		<width>416</width>
		<height>416</height>
		<depth>3</depth>
	</size>
	<segmented>0</segmented>
	<object>
		<name>E</name>
		<pose>Unspecified</pose>
		<truncated>0</truncated>
		<difficult>0</difficult>
		<occluded>0</occluded>
		<bndbox>
			<xmin>158</xmin>
			<xmax>232</xmax>
			<ymin>166</ymin>
			<ymax>230</ymax>
		</bndbox>
	</object>
</annotation>
