<annotation>
	<folder></folder>
	<filename>E_4204_JPG.rf.7cefaacfb432e027b2767418fd86f08d.jpg</filename>
	<path>E_4204_JPG.rf.7cefaacfb432e027b2767418fd86f08d.jpg</path>
	<source>
		<database>roboflow.ai</database>
	</source>
	<size>
		<width>416</width>
		<height>416</height>
		<depth>3</depth>
	</size>
	<segmented>0</segmented>
	<object>
		<name>E</name>
		<pose>Unspecified</pose>
		<truncated>0</truncated>
		<difficult>0</difficult>
		<occluded>0</occluded>
		<bndbox>
			<xmin>152</xmin>
			<xmax>222</xmax>
			<ymin>204</ymin>
			<ymax>271</ymax>
		</bndbox>
	</object>
</annotation>
