<annotation>
	<folder></folder>
	<filename>F_4240_JPG.rf.6471fc6e20a6443fc2bd387d15f2ada7.jpg</filename>
	<path>F_4240_JPG.rf.6471fc6e20a6443fc2bd387d15f2ada7.jpg</path>
	<source>
		<database>roboflow.ai</database>
	</source>
	<size>
		<width>416</width>
		<height>416</height>
		<depth>3</depth>
	</size>
	<segmented>0</segmented>
	<object>
		<name>F</name>
		<pose>Unspecified</pose>
		<truncated>0</truncated>
		<difficult>0</difficult>
		<occluded>0</occluded>
		<bndbox>
			<xmin>320</xmin>
			<xmax>376</xmax>
			<ymin>192</ymin>
			<ymax>256</ymax>
		</bndbox>
	</object>
</annotation>
