<annotation>
	<folder></folder>
	<filename>F_4276_JPG.rf.c9fbe2f428d2a5e99068ea734902876d.jpg</filename>
	<path>F_4276_JPG.rf.c9fbe2f428d2a5e99068ea734902876d.jpg</path>
	<source>
		<database>roboflow.ai</database>
	</source>
	<size>
		<width>416</width>
		<height>416</height>
		<depth>3</depth>
	</size>
	<segmented>0</segmented>
	<object>
		<name>F</name>
		<pose>Unspecified</pose>
		<truncated>0</truncated>
		<difficult>0</difficult>
		<occluded>0</occluded>
		<bndbox>
			<xmin>121</xmin>
			<xmax>197</xmax>
			<ymin>135</ymin>
			<ymax>214</ymax>
		</bndbox>
	</object>
</annotation>
