<annotation>
	<folder></folder>
	<filename>F_4216_JPG.rf.1b17e2ff81a9509abefb78c7b19510b1.jpg</filename>
	<path>F_4216_JPG.rf.1b17e2ff81a9509abefb78c7b19510b1.jpg</path>
	<source>
		<database>roboflow.ai</database>
	</source>
	<size>
		<width>416</width>
		<height>416</height>
		<depth>3</depth>
	</size>
	<segmented>0</segmented>
	<object>
		<name>F</name>
		<pose>Unspecified</pose>
		<truncated>0</truncated>
		<difficult>0</difficult>
		<occluded>0</occluded>
		<bndbox>
			<xmin>310</xmin>
			<xmax>370</xmax>
			<ymin>193</ymin>
			<ymax>255</ymax>
		</bndbox>
	</object>
</annotation>
