<annotation>
	<folder></folder>
	<filename>F_4264_JPG.rf.2983e94f4c5ba4d1f983522a6980b0c5.jpg</filename>
	<path>F_4264_JPG.rf.2983e94f4c5ba4d1f983522a6980b0c5.jpg</path>
	<source>
		<database>roboflow.ai</database>
	</source>
	<size>
		<width>416</width>
		<height>416</height>
		<depth>3</depth>
	</size>
	<segmented>0</segmented>
	<object>
		<name>F</name>
		<pose>Unspecified</pose>
		<truncated>0</truncated>
		<difficult>0</difficult>
		<occluded>0</occluded>
		<bndbox>
			<xmin>252</xmin>
			<xmax>350</xmax>
			<ymin>148</ymin>
			<ymax>234</ymax>
		</bndbox>
	</object>
</annotation>
