<annotation>
	<folder></folder>
	<filename>F_4252_JPG.rf.ebfa1e2285c4427ff212df2c5e3453f6.jpg</filename>
	<path>F_4252_JPG.rf.ebfa1e2285c4427ff212df2c5e3453f6.jpg</path>
	<source>
		<database>roboflow.ai</database>
	</source>
	<size>
		<width>416</width>
		<height>416</height>
		<depth>3</depth>
	</size>
	<segmented>0</segmented>
	<object>
		<name>F</name>
		<pose>Unspecified</pose>
		<truncated>0</truncated>
		<difficult>0</difficult>
		<occluded>0</occluded>
		<bndbox>
			<xmin>55</xmin>
			<xmax>116</xmax>
			<ymin>200</ymin>
			<ymax>260</ymax>
		</bndbox>
	</object>
</annotation>
