<annotation>
	<folder></folder>
	<filename>F_4288_JPG.rf.c39a6a8071cf00dbf739093f93d8ad33.jpg</filename>
	<path>F_4288_JPG.rf.c39a6a8071cf00dbf739093f93d8ad33.jpg</path>
	<source>
		<database>roboflow.ai</database>
	</source>
	<size>
		<width>416</width>
		<height>416</height>
		<depth>3</depth>
	</size>
	<segmented>0</segmented>
	<object>
		<name>F</name>
		<pose>Unspecified</pose>
		<truncated>0</truncated>
		<difficult>0</difficult>
		<occluded>0</occluded>
		<bndbox>
			<xmin>48</xmin>
			<xmax>121</xmax>
			<ymin>141</ymin>
			<ymax>221</ymax>
		</bndbox>
	</object>
</annotation>
