<annotation>
	<folder></folder>
	<filename>F_4228_jpg.rf.8044c1843a279764f8e73746468e3b9b.jpg</filename>
	<path>F_4228_jpg.rf.8044c1843a279764f8e73746468e3b9b.jpg</path>
	<source>
		<database>roboflow.ai</database>
	</source>
	<size>
		<width>416</width>
		<height>416</height>
		<depth>3</depth>
	</size>
	<segmented>0</segmented>
	<object>
		<name>F</name>
		<pose>Unspecified</pose>
		<truncated>0</truncated>
		<difficult>0</difficult>
		<occluded>0</occluded>
		<bndbox>
			<xmin>119</xmin>
			<xmax>328</xmax>
			<ymin>37</ymin>
			<ymax>387</ymax>
		</bndbox>
	</object>
</annotation>
