<annotation>
	<folder></folder>
	<filename>F_4336_JPG.rf.651e0e46514d63012ca061412b0a02a9.jpg</filename>
	<path>F_4336_JPG.rf.651e0e46514d63012ca061412b0a02a9.jpg</path>
	<source>
		<database>roboflow.ai</database>
	</source>
	<size>
		<width>416</width>
		<height>416</height>
		<depth>3</depth>
	</size>
	<segmented>0</segmented>
	<object>
		<name>F</name>
		<pose>Unspecified</pose>
		<truncated>0</truncated>
		<difficult>0</difficult>
		<occluded>0</occluded>
		<bndbox>
			<xmin>275</xmin>
			<xmax>386</xmax>
			<ymin>123</ymin>
			<ymax>221</ymax>
		</bndbox>
	</object>
</annotation>
