<annotation>
	<folder></folder>
	<filename>F_4396_JPG.rf.9b4565f7ab897217b8552e38152b0583.jpg</filename>
	<path>F_4396_JPG.rf.9b4565f7ab897217b8552e38152b0583.jpg</path>
	<source>
		<database>roboflow.ai</database>
	</source>
	<size>
		<width>416</width>
		<height>416</height>
		<depth>3</depth>
	</size>
	<segmented>0</segmented>
	<object>
		<name>F</name>
		<pose>Unspecified</pose>
		<truncated>0</truncated>
		<difficult>0</difficult>
		<occluded>0</occluded>
		<bndbox>
			<xmin>105</xmin>
			<xmax>193</xmax>
			<ymin>128</ymin>
			<ymax>215</ymax>
		</bndbox>
	</object>
</annotation>
