<annotation>
	<folder></folder>
	<filename>F_4312_JPG.rf.84f0e7416e8f97fc8139cc8a1aa902c9.jpg</filename>
	<path>F_4312_JPG.rf.84f0e7416e8f97fc8139cc8a1aa902c9.jpg</path>
	<source>
		<database>roboflow.ai</database>
	</source>
	<size>
		<width>416</width>
		<height>416</height>
		<depth>3</depth>
	</size>
	<segmented>0</segmented>
	<object>
		<name>F</name>
		<pose>Unspecified</pose>
		<truncated>0</truncated>
		<difficult>0</difficult>
		<occluded>0</occluded>
		<bndbox>
			<xmin>191</xmin>
			<xmax>250</xmax>
			<ymin>155</ymin>
			<ymax>229</ymax>
		</bndbox>
	</object>
</annotation>
