<annotation>
	<folder></folder>
	<filename>F_4360_JPG.rf.35c0f7c3b485b7f3da35acde7c728379.jpg</filename>
	<path>F_4360_JPG.rf.35c0f7c3b485b7f3da35acde7c728379.jpg</path>
	<source>
		<database>roboflow.ai</database>
	</source>
	<size>
		<width>416</width>
		<height>416</height>
		<depth>3</depth>
	</size>
	<segmented>0</segmented>
	<object>
		<name>F</name>
		<pose>Unspecified</pose>
		<truncated>0</truncated>
		<difficult>0</difficult>
		<occluded>0</occluded>
		<bndbox>
			<xmin>243</xmin>
			<xmax>338</xmax>
			<ymin>152</ymin>
			<ymax>232</ymax>
		</bndbox>
	</object>
</annotation>
