<annotation>
	<folder></folder>
	<filename>F_4348_JPG.rf.1d8d116f1b88b25f85d153c6656cbc1e.jpg</filename>
	<path>F_4348_JPG.rf.1d8d116f1b88b25f85d153c6656cbc1e.jpg</path>
	<source>
		<database>roboflow.ai</database>
	</source>
	<size>
		<width>416</width>
		<height>416</height>
		<depth>3</depth>
	</size>
	<segmented>0</segmented>
	<object>
		<name>F</name>
		<pose>Unspecified</pose>
		<truncated>0</truncated>
		<difficult>0</difficult>
		<occluded>0</occluded>
		<bndbox>
			<xmin>92</xmin>
			<xmax>174</xmax>
			<ymin>177</ymin>
			<ymax>262</ymax>
		</bndbox>
	</object>
</annotation>
