<annotation>
	<folder></folder>
	<filename>F_4372_JPG.rf.2687c8b6898f86dd5a813fbecd244b75.jpg</filename>
	<path>F_4372_JPG.rf.2687c8b6898f86dd5a813fbecd244b75.jpg</path>
	<source>
		<database>roboflow.ai</database>
	</source>
	<size>
		<width>416</width>
		<height>416</height>
		<depth>3</depth>
	</size>
	<segmented>0</segmented>
	<object>
		<name>F</name>
		<pose>Unspecified</pose>
		<truncated>0</truncated>
		<difficult>0</difficult>
		<occluded>0</occluded>
		<bndbox>
			<xmin>244</xmin>
			<xmax>336</xmax>
			<ymin>109</ymin>
			<ymax>202</ymax>
		</bndbox>
	</object>
</annotation>
