<annotation>
	<folder></folder>
	<filename>F_4384_JPG.rf.82654000c5f11bfa6dac294550eafe96.jpg</filename>
	<path>F_4384_JPG.rf.82654000c5f11bfa6dac294550eafe96.jpg</path>
	<source>
		<database>roboflow.ai</database>
	</source>
	<size>
		<width>416</width>
		<height>416</height>
		<depth>3</depth>
	</size>
	<segmented>0</segmented>
	<object>
		<name>F</name>
		<pose>Unspecified</pose>
		<truncated>0</truncated>
		<difficult>0</difficult>
		<occluded>0</occluded>
		<bndbox>
			<xmin>94</xmin>
			<xmax>147</xmax>
			<ymin>159</ymin>
			<ymax>223</ymax>
		</bndbox>
	</object>
</annotation>
