<annotation>
	<folder></folder>
	<filename>F_4300_JPG.rf.4b2bec769177a1781663d71e372a2a2c.jpg</filename>
	<path>F_4300_JPG.rf.4b2bec769177a1781663d71e372a2a2c.jpg</path>
	<source>
		<database>roboflow.ai</database>
	</source>
	<size>
		<width>416</width>
		<height>416</height>
		<depth>3</depth>
	</size>
	<segmented>0</segmented>
	<object>
		<name>F</name>
		<pose>Unspecified</pose>
		<truncated>0</truncated>
		<difficult>0</difficult>
		<occluded>0</occluded>
		<bndbox>
			<xmin>231</xmin>
			<xmax>308</xmax>
			<ymin>141</ymin>
			<ymax>236</ymax>
		</bndbox>
	</object>
</annotation>
