<annotation>
	<folder></folder>
	<filename>F_4492_JPG.rf.676f90e6d0e4101fbe86b6c965539e9a.jpg</filename>
	<path>F_4492_JPG.rf.676f90e6d0e4101fbe86b6c965539e9a.jpg</path>
	<source>
		<database>roboflow.ai</database>
	</source>
	<size>
		<width>416</width>
		<height>416</height>
		<depth>3</depth>
	</size>
	<segmented>0</segmented>
	<object>
		<name>F</name>
		<pose>Unspecified</pose>
		<truncated>0</truncated>
		<difficult>0</difficult>
		<occluded>0</occluded>
		<bndbox>
			<xmin>105</xmin>
			<xmax>207</xmax>
			<ymin>50</ymin>
			<ymax>152</ymax>
		</bndbox>
	</object>
</annotation>
