<annotation>
	<folder></folder>
	<filename>F_4408_JPG.rf.c3af0d05afdd4e7dc157947016dec0f1.jpg</filename>
	<path>F_4408_JPG.rf.c3af0d05afdd4e7dc157947016dec0f1.jpg</path>
	<source>
		<database>roboflow.ai</database>
	</source>
	<size>
		<width>416</width>
		<height>416</height>
		<depth>3</depth>
	</size>
	<segmented>0</segmented>
	<object>
		<name>F</name>
		<pose>Unspecified</pose>
		<truncated>0</truncated>
		<difficult>0</difficult>
		<occluded>0</occluded>
		<bndbox>
			<xmin>279</xmin>
			<xmax>336</xmax>
			<ymin>161</ymin>
			<ymax>227</ymax>
		</bndbox>
	</object>
</annotation>
