<annotation>
	<folder></folder>
	<filename>F_4420_JPG.rf.76ead9ffead90a753311f3e12d595db9.jpg</filename>
	<path>F_4420_JPG.rf.76ead9ffead90a753311f3e12d595db9.jpg</path>
	<source>
		<database>roboflow.ai</database>
	</source>
	<size>
		<width>416</width>
		<height>416</height>
		<depth>3</depth>
	</size>
	<segmented>0</segmented>
	<object>
		<name>F</name>
		<pose>Unspecified</pose>
		<truncated>0</truncated>
		<difficult>0</difficult>
		<occluded>0</occluded>
		<bndbox>
			<xmin>249</xmin>
			<xmax>325</xmax>
			<ymin>231</ymin>
			<ymax>295</ymax>
		</bndbox>
	</object>
</annotation>
