<annotation>
	<folder></folder>
	<filename>F_4432_JPG.rf.441f0aae39f6618f22d0b99a7fdab9e1.jpg</filename>
	<path>F_4432_JPG.rf.441f0aae39f6618f22d0b99a7fdab9e1.jpg</path>
	<source>
		<database>roboflow.ai</database>
	</source>
	<size>
		<width>416</width>
		<height>416</height>
		<depth>3</depth>
	</size>
	<segmented>0</segmented>
	<object>
		<name>F</name>
		<pose>Unspecified</pose>
		<truncated>0</truncated>
		<difficult>0</difficult>
		<occluded>0</occluded>
		<bndbox>
			<xmin>213</xmin>
			<xmax>309</xmax>
			<ymin>123</ymin>
			<ymax>209</ymax>
		</bndbox>
	</object>
</annotation>
