<annotation>
	<folder></folder>
	<filename>F_4456_JPG.rf.d4f9322b308cf738fc3f590ec8d9f6c3.jpg</filename>
	<path>F_4456_JPG.rf.d4f9322b308cf738fc3f590ec8d9f6c3.jpg</path>
	<source>
		<database>roboflow.ai</database>
	</source>
	<size>
		<width>416</width>
		<height>416</height>
		<depth>3</depth>
	</size>
	<segmented>0</segmented>
	<object>
		<name>F</name>
		<pose>Unspecified</pose>
		<truncated>0</truncated>
		<difficult>0</difficult>
		<occluded>0</occluded>
		<bndbox>
			<xmin>48</xmin>
			<xmax>140</xmax>
			<ymin>167</ymin>
			<ymax>257</ymax>
		</bndbox>
	</object>
</annotation>
