<annotation>
	<folder></folder>
	<filename>F_4480_JPG.rf.dbff6031c2c0b12fbd3d84d830af32f2.jpg</filename>
	<path>F_4480_JPG.rf.dbff6031c2c0b12fbd3d84d830af32f2.jpg</path>
	<source>
		<database>roboflow.ai</database>
	</source>
	<size>
		<width>416</width>
		<height>416</height>
		<depth>3</depth>
	</size>
	<segmented>0</segmented>
	<object>
		<name>F</name>
		<pose>Unspecified</pose>
		<truncated>0</truncated>
		<difficult>0</difficult>
		<occluded>0</occluded>
		<bndbox>
			<xmin>86</xmin>
			<xmax>167</xmax>
			<ymin>118</ymin>
			<ymax>204</ymax>
		</bndbox>
	</object>
</annotation>
