<annotation>
	<folder></folder>
	<filename>F_4468_JPG.rf.dddd7cde7fae6648f3911f644eae4665.jpg</filename>
	<path>F_4468_JPG.rf.dddd7cde7fae6648f3911f644eae4665.jpg</path>
	<source>
		<database>roboflow.ai</database>
	</source>
	<size>
		<width>416</width>
		<height>416</height>
		<depth>3</depth>
	</size>
	<segmented>0</segmented>
	<object>
		<name>F</name>
		<pose>Unspecified</pose>
		<truncated>0</truncated>
		<difficult>0</difficult>
		<occluded>0</occluded>
		<bndbox>
			<xmin>256</xmin>
			<xmax>340</xmax>
			<ymin>134</ymin>
			<ymax>214</ymax>
		</bndbox>
	</object>
</annotation>
