<annotation>
	<folder></folder>
	<filename>F_4444_JPG.rf.1281d80e8bc30e1b0c6372459fcdb9c2.jpg</filename>
	<path>F_4444_JPG.rf.1281d80e8bc30e1b0c6372459fcdb9c2.jpg</path>
	<source>
		<database>roboflow.ai</database>
	</source>
	<size>
		<width>416</width>
		<height>416</height>
		<depth>3</depth>
	</size>
	<segmented>0</segmented>
	<object>
		<name>F</name>
		<pose>Unspecified</pose>
		<truncated>0</truncated>
		<difficult>0</difficult>
		<occluded>0</occluded>
		<bndbox>
			<xmin>114</xmin>
			<xmax>213</xmax>
			<ymin>112</ymin>
			<ymax>200</ymax>
		</bndbox>
	</object>
</annotation>
