<annotation>
	<folder></folder>
	<filename>F_4576_JPG.rf.9689aed2c00fd331a9fd026274bbc2fa.jpg</filename>
	<path>F_4576_JPG.rf.9689aed2c00fd331a9fd026274bbc2fa.jpg</path>
	<source>
		<database>roboflow.ai</database>
	</source>
	<size>
		<width>416</width>
		<height>416</height>
		<depth>3</depth>
	</size>
	<segmented>0</segmented>
	<object>
		<name>F</name>
		<pose>Unspecified</pose>
		<truncated>0</truncated>
		<difficult>0</difficult>
		<occluded>0</occluded>
		<bndbox>
			<xmin>112</xmin>
			<xmax>195</xmax>
			<ymin>148</ymin>
			<ymax>228</ymax>
		</bndbox>
	</object>
</annotation>
