<annotation>
	<folder></folder>
	<filename>F_4516_JPG.rf.2817bca1b40f094f184836ce3e6c08f2.jpg</filename>
	<path>F_4516_JPG.rf.2817bca1b40f094f184836ce3e6c08f2.jpg</path>
	<source>
		<database>roboflow.ai</database>
	</source>
	<size>
		<width>416</width>
		<height>416</height>
		<depth>3</depth>
	</size>
	<segmented>0</segmented>
	<object>
		<name>F</name>
		<pose>Unspecified</pose>
		<truncated>0</truncated>
		<difficult>0</difficult>
		<occluded>0</occluded>
		<bndbox>
			<xmin>230</xmin>
			<xmax>332</xmax>
			<ymin>207</ymin>
			<ymax>295</ymax>
		</bndbox>
	</object>
</annotation>
