<annotation>
	<folder></folder>
	<filename>F_4528_JPG.rf.59ee896aab3d34243250e36c40f1f690.jpg</filename>
	<path>F_4528_JPG.rf.59ee896aab3d34243250e36c40f1f690.jpg</path>
	<source>
		<database>roboflow.ai</database>
	</source>
	<size>
		<width>416</width>
		<height>416</height>
		<depth>3</depth>
	</size>
	<segmented>0</segmented>
	<object>
		<name>F</name>
		<pose>Unspecified</pose>
		<truncated>0</truncated>
		<difficult>0</difficult>
		<occluded>0</occluded>
		<bndbox>
			<xmin>28</xmin>
			<xmax>136</xmax>
			<ymin>197</ymin>
			<ymax>274</ymax>
		</bndbox>
	</object>
</annotation>
