<annotation>
	<folder></folder>
	<filename>F_4564_JPG.rf.48bf458fec8812554ea889f329ce9047.jpg</filename>
	<path>F_4564_JPG.rf.48bf458fec8812554ea889f329ce9047.jpg</path>
	<source>
		<database>roboflow.ai</database>
	</source>
	<size>
		<width>416</width>
		<height>416</height>
		<depth>3</depth>
	</size>
	<segmented>0</segmented>
	<object>
		<name>F</name>
		<pose>Unspecified</pose>
		<truncated>0</truncated>
		<difficult>0</difficult>
		<occluded>0</occluded>
		<bndbox>
			<xmin>237</xmin>
			<xmax>325</xmax>
			<ymin>148</ymin>
			<ymax>230</ymax>
		</bndbox>
	</object>
</annotation>
