<annotation>
	<folder></folder>
	<filename>F_4552_JPG.rf.13346488d5983f8949aa71163b30344c.jpg</filename>
	<path>F_4552_JPG.rf.13346488d5983f8949aa71163b30344c.jpg</path>
	<source>
		<database>roboflow.ai</database>
	</source>
	<size>
		<width>416</width>
		<height>416</height>
		<depth>3</depth>
	</size>
	<segmented>0</segmented>
	<object>
		<name>F</name>
		<pose>Unspecified</pose>
		<truncated>0</truncated>
		<difficult>0</difficult>
		<occluded>0</occluded>
		<bndbox>
			<xmin>237</xmin>
			<xmax>306</xmax>
			<ymin>211</ymin>
			<ymax>291</ymax>
		</bndbox>
	</object>
</annotation>
