<annotation>
	<folder></folder>
	<filename>F_4588_jpg.rf.5b5891f3ced1ee83d58d82bd029f3e1b.jpg</filename>
	<path>F_4588_jpg.rf.5b5891f3ced1ee83d58d82bd029f3e1b.jpg</path>
	<source>
		<database>roboflow.ai</database>
	</source>
	<size>
		<width>416</width>
		<height>416</height>
		<depth>3</depth>
	</size>
	<segmented>0</segmented>
	<object>
		<name>F</name>
		<pose>Unspecified</pose>
		<truncated>0</truncated>
		<difficult>0</difficult>
		<occluded>0</occluded>
		<bndbox>
			<xmin>122</xmin>
			<xmax>305</xmax>
			<ymin>116</ymin>
			<ymax>314</ymax>
		</bndbox>
	</object>
</annotation>
