<annotation>
	<folder></folder>
	<filename>F_4540_JPG.rf.57b5d91411090f39ee8cd5e853b92cbc.jpg</filename>
	<path>F_4540_JPG.rf.57b5d91411090f39ee8cd5e853b92cbc.jpg</path>
	<source>
		<database>roboflow.ai</database>
	</source>
	<size>
		<width>416</width>
		<height>416</height>
		<depth>3</depth>
	</size>
	<segmented>0</segmented>
	<object>
		<name>F</name>
		<pose>Unspecified</pose>
		<truncated>0</truncated>
		<difficult>0</difficult>
		<occluded>0</occluded>
		<bndbox>
			<xmin>105</xmin>
			<xmax>182</xmax>
			<ymin>206</ymin>
			<ymax>298</ymax>
		</bndbox>
	</object>
</annotation>
