<annotation>
	<folder></folder>
	<filename>F_4504_JPG.rf.59e8ef0f475c9ace9f307e27cf058b88.jpg</filename>
	<path>F_4504_JPG.rf.59e8ef0f475c9ace9f307e27cf058b88.jpg</path>
	<source>
		<database>roboflow.ai</database>
	</source>
	<size>
		<width>416</width>
		<height>416</height>
		<depth>3</depth>
	</size>
	<segmented>0</segmented>
	<object>
		<name>F</name>
		<pose>Unspecified</pose>
		<truncated>0</truncated>
		<difficult>0</difficult>
		<occluded>0</occluded>
		<bndbox>
			<xmin>110</xmin>
			<xmax>206</xmax>
			<ymin>106</ymin>
			<ymax>185</ymax>
		</bndbox>
	</object>
</annotation>
