<annotation>
	<folder></folder>
	<filename>F_4600_jpg.rf.68583bdc669926ea122d26a23f24f9b5.jpg</filename>
	<path>F_4600_jpg.rf.68583bdc669926ea122d26a23f24f9b5.jpg</path>
	<source>
		<database>roboflow.ai</database>
	</source>
	<size>
		<width>416</width>
		<height>416</height>
		<depth>3</depth>
	</size>
	<segmented>0</segmented>
	<object>
		<name>F</name>
		<pose>Unspecified</pose>
		<truncated>0</truncated>
		<difficult>0</difficult>
		<occluded>0</occluded>
		<bndbox>
			<xmin>263</xmin>
			<xmax>417</xmax>
			<ymin>159</ymin>
			<ymax>362</ymax>
		</bndbox>
	</object>
</annotation>
