<annotation>
	<folder></folder>
	<filename>F_4660_JPG.rf.ef32c4ecff74622f37616c1cd96021ff.jpg</filename>
	<path>F_4660_JPG.rf.ef32c4ecff74622f37616c1cd96021ff.jpg</path>
	<source>
		<database>roboflow.ai</database>
	</source>
	<size>
		<width>416</width>
		<height>416</height>
		<depth>3</depth>
	</size>
	<segmented>0</segmented>
	<object>
		<name>F</name>
		<pose>Unspecified</pose>
		<truncated>0</truncated>
		<difficult>0</difficult>
		<occluded>0</occluded>
		<bndbox>
			<xmin>246</xmin>
			<xmax>341</xmax>
			<ymin>141</ymin>
			<ymax>224</ymax>
		</bndbox>
	</object>
</annotation>
