<annotation>
	<folder></folder>
	<filename>F_4636_jpg.rf.09a18d86bb6e91d888c011c5ca8f8a07.jpg</filename>
	<path>F_4636_jpg.rf.09a18d86bb6e91d888c011c5ca8f8a07.jpg</path>
	<source>
		<database>roboflow.ai</database>
	</source>
	<size>
		<width>416</width>
		<height>416</height>
		<depth>3</depth>
	</size>
	<segmented>0</segmented>
	<object>
		<name>F</name>
		<pose>Unspecified</pose>
		<truncated>0</truncated>
		<difficult>0</difficult>
		<occluded>0</occluded>
		<bndbox>
			<xmin>97</xmin>
			<xmax>417</xmax>
			<ymin>48</ymin>
			<ymax>364</ymax>
		</bndbox>
	</object>
</annotation>
