<annotation>
	<folder></folder>
	<filename>F_4684_jpeg.rf.565b754c5487746e4b5535773c30d485.jpg</filename>
	<path>F_4684_jpeg.rf.565b754c5487746e4b5535773c30d485.jpg</path>
	<source>
		<database>roboflow.ai</database>
	</source>
	<size>
		<width>416</width>
		<height>416</height>
		<depth>3</depth>
	</size>
	<segmented>0</segmented>
	<object>
		<name>F</name>
		<pose>Unspecified</pose>
		<truncated>0</truncated>
		<difficult>0</difficult>
		<occluded>0</occluded>
		<bndbox>
			<xmin>150</xmin>
			<xmax>358</xmax>
			<ymin>107</ymin>
			<ymax>303</ymax>
		</bndbox>
	</object>
</annotation>
