<annotation>
	<folder></folder>
	<filename>F_4648_JPG.rf.0d4a98f87809f70f5f8141397d9f0c9f.jpg</filename>
	<path>F_4648_JPG.rf.0d4a98f87809f70f5f8141397d9f0c9f.jpg</path>
	<source>
		<database>roboflow.ai</database>
	</source>
	<size>
		<width>416</width>
		<height>416</height>
		<depth>3</depth>
	</size>
	<segmented>0</segmented>
	<object>
		<name>F</name>
		<pose>Unspecified</pose>
		<truncated>0</truncated>
		<difficult>0</difficult>
		<occluded>0</occluded>
		<bndbox>
			<xmin>42</xmin>
			<xmax>142</xmax>
			<ymin>149</ymin>
			<ymax>242</ymax>
		</bndbox>
	</object>
</annotation>
