<annotation>
	<folder></folder>
	<filename>F_4612_jpg.rf.05840613c1b46b23d2b8f61542ffef76.jpg</filename>
	<path>F_4612_jpg.rf.05840613c1b46b23d2b8f61542ffef76.jpg</path>
	<source>
		<database>roboflow.ai</database>
	</source>
	<size>
		<width>416</width>
		<height>416</height>
		<depth>3</depth>
	</size>
	<segmented>0</segmented>
	<object>
		<name>F</name>
		<pose>Unspecified</pose>
		<truncated>0</truncated>
		<difficult>0</difficult>
		<occluded>0</occluded>
		<bndbox>
			<xmin>130</xmin>
			<xmax>398</xmax>
			<ymin>123</ymin>
			<ymax>385</ymax>
		</bndbox>
	</object>
</annotation>
