<annotation>
	<folder></folder>
	<filename>F_4696_jpeg.rf.9ea9a80afaccc9f804bc07826b23d2b3.jpg</filename>
	<path>F_4696_jpeg.rf.9ea9a80afaccc9f804bc07826b23d2b3.jpg</path>
	<source>
		<database>roboflow.ai</database>
	</source>
	<size>
		<width>416</width>
		<height>416</height>
		<depth>3</depth>
	</size>
	<segmented>0</segmented>
	<object>
		<name>F</name>
		<pose>Unspecified</pose>
		<truncated>0</truncated>
		<difficult>0</difficult>
		<occluded>0</occluded>
		<bndbox>
			<xmin>70</xmin>
			<xmax>187</xmax>
			<ymin>90</ymin>
			<ymax>240</ymax>
		</bndbox>
	</object>
</annotation>
