<annotation>
	<folder></folder>
	<filename>F_4624_jpg.rf.77e576cd26b22846262fd0e0cb332029.jpg</filename>
	<path>F_4624_jpg.rf.77e576cd26b22846262fd0e0cb332029.jpg</path>
	<source>
		<database>roboflow.ai</database>
	</source>
	<size>
		<width>416</width>
		<height>416</height>
		<depth>3</depth>
	</size>
	<segmented>0</segmented>
	<object>
		<name>F</name>
		<pose>Unspecified</pose>
		<truncated>0</truncated>
		<difficult>0</difficult>
		<occluded>0</occluded>
		<bndbox>
			<xmin>23</xmin>
			<xmax>325</xmax>
			<ymin>170</ymin>
			<ymax>327</ymax>
		</bndbox>
	</object>
</annotation>
