<annotation>
	<folder></folder>
	<filename>F_4720_jpeg.rf.cc68374be885abcabe3a1243443d1433.jpg</filename>
	<path>F_4720_jpeg.rf.cc68374be885abcabe3a1243443d1433.jpg</path>
	<source>
		<database>roboflow.ai</database>
	</source>
	<size>
		<width>416</width>
		<height>416</height>
		<depth>3</depth>
	</size>
	<segmented>0</segmented>
	<object>
		<name>F</name>
		<pose>Unspecified</pose>
		<truncated>0</truncated>
		<difficult>0</difficult>
		<occluded>0</occluded>
		<bndbox>
			<xmin>140</xmin>
			<xmax>293</xmax>
			<ymin>131</ymin>
			<ymax>323</ymax>
		</bndbox>
	</object>
</annotation>
