<annotation>
	<folder></folder>
	<filename>F_4756_jpeg.rf.5ae435fb1183e16bdab7f23d411076e4.jpg</filename>
	<path>F_4756_jpeg.rf.5ae435fb1183e16bdab7f23d411076e4.jpg</path>
	<source>
		<database>roboflow.ai</database>
	</source>
	<size>
		<width>416</width>
		<height>416</height>
		<depth>3</depth>
	</size>
	<segmented>0</segmented>
	<object>
		<name>F</name>
		<pose>Unspecified</pose>
		<truncated>0</truncated>
		<difficult>0</difficult>
		<occluded>0</occluded>
		<bndbox>
			<xmin>63</xmin>
			<xmax>208</xmax>
			<ymin>41</ymin>
			<ymax>182</ymax>
		</bndbox>
	</object>
</annotation>
