<annotation>
	<folder></folder>
	<filename>F_4780_jpeg.rf.728eaeefd2bf57bcff4e6a6fbe7bbd64.jpg</filename>
	<path>F_4780_jpeg.rf.728eaeefd2bf57bcff4e6a6fbe7bbd64.jpg</path>
	<source>
		<database>roboflow.ai</database>
	</source>
	<size>
		<width>416</width>
		<height>416</height>
		<depth>3</depth>
	</size>
	<segmented>0</segmented>
	<object>
		<name>F</name>
		<pose>Unspecified</pose>
		<truncated>0</truncated>
		<difficult>0</difficult>
		<occluded>0</occluded>
		<bndbox>
			<xmin>50</xmin>
			<xmax>187</xmax>
			<ymin>146</ymin>
			<ymax>327</ymax>
		</bndbox>
	</object>
</annotation>
