<annotation>
	<folder></folder>
	<filename>F_4792_jpeg.rf.8a0330a1da196f0b0d8abfba29a8eabf.jpg</filename>
	<path>F_4792_jpeg.rf.8a0330a1da196f0b0d8abfba29a8eabf.jpg</path>
	<source>
		<database>roboflow.ai</database>
	</source>
	<size>
		<width>416</width>
		<height>416</height>
		<depth>3</depth>
	</size>
	<segmented>0</segmented>
	<object>
		<name>F</name>
		<pose>Unspecified</pose>
		<truncated>0</truncated>
		<difficult>0</difficult>
		<occluded>0</occluded>
		<bndbox>
			<xmin>1</xmin>
			<xmax>172</xmax>
			<ymin>163</ymin>
			<ymax>388</ymax>
		</bndbox>
	</object>
</annotation>
