<annotation>
	<folder></folder>
	<filename>F_4732_jpeg.rf.00823e6b9fb70ffaf04c4f2f6e17fb05.jpg</filename>
	<path>F_4732_jpeg.rf.00823e6b9fb70ffaf04c4f2f6e17fb05.jpg</path>
	<source>
		<database>roboflow.ai</database>
	</source>
	<size>
		<width>416</width>
		<height>416</height>
		<depth>3</depth>
	</size>
	<segmented>0</segmented>
	<object>
		<name>F</name>
		<pose>Unspecified</pose>
		<truncated>0</truncated>
		<difficult>0</difficult>
		<occluded>0</occluded>
		<bndbox>
			<xmin>71</xmin>
			<xmax>253</xmax>
			<ymin>138</ymin>
			<ymax>353</ymax>
		</bndbox>
	</object>
</annotation>
