<annotation>
	<folder></folder>
	<filename>F_4744_jpeg.rf.651f035514baed68027cf079905fa311.jpg</filename>
	<path>F_4744_jpeg.rf.651f035514baed68027cf079905fa311.jpg</path>
	<source>
		<database>roboflow.ai</database>
	</source>
	<size>
		<width>416</width>
		<height>416</height>
		<depth>3</depth>
	</size>
	<segmented>0</segmented>
	<object>
		<name>F</name>
		<pose>Unspecified</pose>
		<truncated>0</truncated>
		<difficult>0</difficult>
		<occluded>0</occluded>
		<bndbox>
			<xmin>44</xmin>
			<xmax>172</xmax>
			<ymin>144</ymin>
			<ymax>317</ymax>
		</bndbox>
	</object>
</annotation>
