<annotation>
	<folder></folder>
	<filename>F_4768_jpeg.rf.2aaa9db8eb508397ad2ed6349db008bd.jpg</filename>
	<path>F_4768_jpeg.rf.2aaa9db8eb508397ad2ed6349db008bd.jpg</path>
	<source>
		<database>roboflow.ai</database>
	</source>
	<size>
		<width>416</width>
		<height>416</height>
		<depth>3</depth>
	</size>
	<segmented>0</segmented>
	<object>
		<name>F</name>
		<pose>Unspecified</pose>
		<truncated>0</truncated>
		<difficult>0</difficult>
		<occluded>0</occluded>
		<bndbox>
			<xmin>153</xmin>
			<xmax>238</xmax>
			<ymin>196</ymin>
			<ymax>312</ymax>
		</bndbox>
	</object>
</annotation>
