<annotation>
	<folder></folder>
	<filename>F_4708_jpeg.rf.ec2dc2de25f66bf946907821cdc67a7e.jpg</filename>
	<path>F_4708_jpeg.rf.ec2dc2de25f66bf946907821cdc67a7e.jpg</path>
	<source>
		<database>roboflow.ai</database>
	</source>
	<size>
		<width>416</width>
		<height>416</height>
		<depth>3</depth>
	</size>
	<segmented>0</segmented>
	<object>
		<name>F</name>
		<pose>Unspecified</pose>
		<truncated>0</truncated>
		<difficult>0</difficult>
		<occluded>0</occluded>
		<bndbox>
			<xmin>1</xmin>
			<xmax>199</xmax>
			<ymin>109</ymin>
			<ymax>332</ymax>
		</bndbox>
	</object>
</annotation>
