<annotation>
	<folder></folder>
	<filename>F_4828_JPG.rf.a63a0ed5acaa53e769b8aea1e0870239.jpg</filename>
	<path>F_4828_JPG.rf.a63a0ed5acaa53e769b8aea1e0870239.jpg</path>
	<source>
		<database>roboflow.ai</database>
	</source>
	<size>
		<width>416</width>
		<height>416</height>
		<depth>3</depth>
	</size>
	<segmented>0</segmented>
	<object>
		<name>F</name>
		<pose>Unspecified</pose>
		<truncated>0</truncated>
		<difficult>0</difficult>
		<occluded>0</occluded>
		<bndbox>
			<xmin>43</xmin>
			<xmax>139</xmax>
			<ymin>220</ymin>
			<ymax>310</ymax>
		</bndbox>
	</object>
</annotation>
