<annotation>
	<folder></folder>
	<filename>F_4804_JPG.rf.682403c7a6595c5a52a4edb68ca4e09f.jpg</filename>
	<path>F_4804_JPG.rf.682403c7a6595c5a52a4edb68ca4e09f.jpg</path>
	<source>
		<database>roboflow.ai</database>
	</source>
	<size>
		<width>416</width>
		<height>416</height>
		<depth>3</depth>
	</size>
	<segmented>0</segmented>
	<object>
		<name>F</name>
		<pose>Unspecified</pose>
		<truncated>0</truncated>
		<difficult>0</difficult>
		<occluded>0</occluded>
		<bndbox>
			<xmin>126</xmin>
			<xmax>210</xmax>
			<ymin>179</ymin>
			<ymax>261</ymax>
		</bndbox>
	</object>
</annotation>
