<annotation>
	<folder></folder>
	<filename>F_4816_JPG.rf.57f42e956d3372eddc864c1da9b9c86f.jpg</filename>
	<path>F_4816_JPG.rf.57f42e956d3372eddc864c1da9b9c86f.jpg</path>
	<source>
		<database>roboflow.ai</database>
	</source>
	<size>
		<width>416</width>
		<height>416</height>
		<depth>3</depth>
	</size>
	<segmented>0</segmented>
	<object>
		<name>F</name>
		<pose>Unspecified</pose>
		<truncated>0</truncated>
		<difficult>0</difficult>
		<occluded>0</occluded>
		<bndbox>
			<xmin>206</xmin>
			<xmax>298</xmax>
			<ymin>190</ymin>
			<ymax>275</ymax>
		</bndbox>
	</object>
</annotation>
