<annotation>
	<folder></folder>
	<filename>F_4840_JPG.rf.0b2313f79c0aa08c33db9becc5de08da.jpg</filename>
	<path>F_4840_JPG.rf.0b2313f79c0aa08c33db9becc5de08da.jpg</path>
	<source>
		<database>roboflow.ai</database>
	</source>
	<size>
		<width>416</width>
		<height>416</height>
		<depth>3</depth>
	</size>
	<segmented>0</segmented>
	<object>
		<name>F</name>
		<pose>Unspecified</pose>
		<truncated>0</truncated>
		<difficult>0</difficult>
		<occluded>0</occluded>
		<bndbox>
			<xmin>297</xmin>
			<xmax>394</xmax>
			<ymin>207</ymin>
			<ymax>303</ymax>
		</bndbox>
	</object>
</annotation>
