<annotation>
	<folder></folder>
	<filename>G_4864_JPG.rf.bdb5ea4a452fdacdc955866a4fd53b44.jpg</filename>
	<path>G_4864_JPG.rf.bdb5ea4a452fdacdc955866a4fd53b44.jpg</path>
	<source>
		<database>roboflow.ai</database>
	</source>
	<size>
		<width>416</width>
		<height>416</height>
		<depth>3</depth>
	</size>
	<segmented>0</segmented>
	<object>
		<name>G</name>
		<pose>Unspecified</pose>
		<truncated>0</truncated>
		<difficult>0</difficult>
		<occluded>0</occluded>
		<bndbox>
			<xmin>38</xmin>
			<xmax>118</xmax>
			<ymin>167</ymin>
			<ymax>208</ymax>
		</bndbox>
	</object>
</annotation>
