<annotation>
	<folder></folder>
	<filename>G_4852_jpg.rf.545a42460f870ac0593d5ce11a7f1787.jpg</filename>
	<path>G_4852_jpg.rf.545a42460f870ac0593d5ce11a7f1787.jpg</path>
	<source>
		<database>roboflow.ai</database>
	</source>
	<size>
		<width>416</width>
		<height>416</height>
		<depth>3</depth>
	</size>
	<segmented>0</segmented>
	<object>
		<name>G</name>
		<pose>Unspecified</pose>
		<truncated>0</truncated>
		<difficult>0</difficult>
		<occluded>0</occluded>
		<bndbox>
			<xmin>61</xmin>
			<xmax>364</xmax>
			<ymin>113</ymin>
			<ymax>330</ymax>
		</bndbox>
	</object>
</annotation>
