<annotation>
	<folder></folder>
	<filename>G_4876_JPG.rf.5129465ff3e852b1f2a1a0c42a388ffd.jpg</filename>
	<path>G_4876_JPG.rf.5129465ff3e852b1f2a1a0c42a388ffd.jpg</path>
	<source>
		<database>roboflow.ai</database>
	</source>
	<size>
		<width>416</width>
		<height>416</height>
		<depth>3</depth>
	</size>
	<segmented>0</segmented>
	<object>
		<name>G</name>
		<pose>Unspecified</pose>
		<truncated>0</truncated>
		<difficult>0</difficult>
		<occluded>0</occluded>
		<bndbox>
			<xmin>237</xmin>
			<xmax>306</xmax>
			<ymin>168</ymin>
			<ymax>204</ymax>
		</bndbox>
	</object>
</annotation>
