<annotation>
	<folder></folder>
	<filename>G_4888_JPG.rf.c7d679ecd7333e8b5d15cea339e62e20.jpg</filename>
	<path>G_4888_JPG.rf.c7d679ecd7333e8b5d15cea339e62e20.jpg</path>
	<source>
		<database>roboflow.ai</database>
	</source>
	<size>
		<width>416</width>
		<height>416</height>
		<depth>3</depth>
	</size>
	<segmented>0</segmented>
	<object>
		<name>G</name>
		<pose>Unspecified</pose>
		<truncated>0</truncated>
		<difficult>0</difficult>
		<occluded>0</occluded>
		<bndbox>
			<xmin>175</xmin>
			<xmax>336</xmax>
			<ymin>148</ymin>
			<ymax>199</ymax>
		</bndbox>
	</object>
</annotation>
