<annotation>
	<folder></folder>
	<filename>G_4924_JPG.rf.4dea8d5b1ee038f0dd9c20933cafabb4.jpg</filename>
	<path>G_4924_JPG.rf.4dea8d5b1ee038f0dd9c20933cafabb4.jpg</path>
	<source>
		<database>roboflow.ai</database>
	</source>
	<size>
		<width>416</width>
		<height>416</height>
		<depth>3</depth>
	</size>
	<segmented>0</segmented>
	<object>
		<name>G</name>
		<pose>Unspecified</pose>
		<truncated>0</truncated>
		<difficult>0</difficult>
		<occluded>0</occluded>
		<bndbox>
			<xmin>234</xmin>
			<xmax>346</xmax>
			<ymin>187</ymin>
			<ymax>229</ymax>
		</bndbox>
	</object>
</annotation>
