<annotation>
	<folder></folder>
	<filename>G_4960_JPG.rf.1d940353170e2ed16cf087a992deae80.jpg</filename>
	<path>G_4960_JPG.rf.1d940353170e2ed16cf087a992deae80.jpg</path>
	<source>
		<database>roboflow.ai</database>
	</source>
	<size>
		<width>416</width>
		<height>416</height>
		<depth>3</depth>
	</size>
	<segmented>0</segmented>
	<object>
		<name>G</name>
		<pose>Unspecified</pose>
		<truncated>0</truncated>
		<difficult>0</difficult>
		<occluded>0</occluded>
		<bndbox>
			<xmin>252</xmin>
			<xmax>349</xmax>
			<ymin>141</ymin>
			<ymax>192</ymax>
		</bndbox>
	</object>
</annotation>
