<annotation>
	<folder></folder>
	<filename>G_4972_JPG.rf.3db978442ddcf5af4ea3ae74bf85a7cb.jpg</filename>
	<path>G_4972_JPG.rf.3db978442ddcf5af4ea3ae74bf85a7cb.jpg</path>
	<source>
		<database>roboflow.ai</database>
	</source>
	<size>
		<width>416</width>
		<height>416</height>
		<depth>3</depth>
	</size>
	<segmented>0</segmented>
	<object>
		<name>G</name>
		<pose>Unspecified</pose>
		<truncated>0</truncated>
		<difficult>0</difficult>
		<occluded>0</occluded>
		<bndbox>
			<xmin>23</xmin>
			<xmax>112</xmax>
			<ymin>193</ymin>
			<ymax>242</ymax>
		</bndbox>
	</object>
</annotation>
