<annotation>
	<folder></folder>
	<filename>G_4996_JPG.rf.5bd0397a680448c9e4af3d5736871854.jpg</filename>
	<path>G_4996_JPG.rf.5bd0397a680448c9e4af3d5736871854.jpg</path>
	<source>
		<database>roboflow.ai</database>
	</source>
	<size>
		<width>416</width>
		<height>416</height>
		<depth>3</depth>
	</size>
	<segmented>0</segmented>
	<object>
		<name>G</name>
		<pose>Unspecified</pose>
		<truncated>0</truncated>
		<difficult>0</difficult>
		<occluded>0</occluded>
		<bndbox>
			<xmin>250</xmin>
			<xmax>358</xmax>
			<ymin>108</ymin>
			<ymax>161</ymax>
		</bndbox>
	</object>
</annotation>
