<annotation>
	<folder></folder>
	<filename>G_4936_JPG.rf.4243d644c5b4044c0191223118cc91a7.jpg</filename>
	<path>G_4936_JPG.rf.4243d644c5b4044c0191223118cc91a7.jpg</path>
	<source>
		<database>roboflow.ai</database>
	</source>
	<size>
		<width>416</width>
		<height>416</height>
		<depth>3</depth>
	</size>
	<segmented>0</segmented>
	<object>
		<name>G</name>
		<pose>Unspecified</pose>
		<truncated>0</truncated>
		<difficult>0</difficult>
		<occluded>0</occluded>
		<bndbox>
			<xmin>52</xmin>
			<xmax>159</xmax>
			<ymin>104</ymin>
			<ymax>177</ymax>
		</bndbox>
	</object>
</annotation>
