<annotation>
	<folder></folder>
	<filename>G_4984_JPG.rf.addbb22374eed14d0864c5dab9a2ab70.jpg</filename>
	<path>G_4984_JPG.rf.addbb22374eed14d0864c5dab9a2ab70.jpg</path>
	<source>
		<database>roboflow.ai</database>
	</source>
	<size>
		<width>416</width>
		<height>416</height>
		<depth>3</depth>
	</size>
	<segmented>0</segmented>
	<object>
		<name>G</name>
		<pose>Unspecified</pose>
		<truncated>0</truncated>
		<difficult>0</difficult>
		<occluded>0</occluded>
		<bndbox>
			<xmin>51</xmin>
			<xmax>149</xmax>
			<ymin>125</ymin>
			<ymax>174</ymax>
		</bndbox>
	</object>
</annotation>
