<annotation>
	<folder></folder>
	<filename>G_4912_JPG.rf.f29514fc7116ff72f10471e08a1aaa38.jpg</filename>
	<path>G_4912_JPG.rf.f29514fc7116ff72f10471e08a1aaa38.jpg</path>
	<source>
		<database>roboflow.ai</database>
	</source>
	<size>
		<width>416</width>
		<height>416</height>
		<depth>3</depth>
	</size>
	<segmented>0</segmented>
	<object>
		<name>G</name>
		<pose>Unspecified</pose>
		<truncated>0</truncated>
		<difficult>0</difficult>
		<occluded>0</occluded>
		<bndbox>
			<xmin>218</xmin>
			<xmax>321</xmax>
			<ymin>158</ymin>
			<ymax>206</ymax>
		</bndbox>
	</object>
</annotation>
