<annotation>
	<folder></folder>
	<filename>G_4948_JPG.rf.b294675a2cc868fa6e6bb4c2f2322ee3.jpg</filename>
	<path>G_4948_JPG.rf.b294675a2cc868fa6e6bb4c2f2322ee3.jpg</path>
	<source>
		<database>roboflow.ai</database>
	</source>
	<size>
		<width>416</width>
		<height>416</height>
		<depth>3</depth>
	</size>
	<segmented>0</segmented>
	<object>
		<name>G</name>
		<pose>Unspecified</pose>
		<truncated>0</truncated>
		<difficult>0</difficult>
		<occluded>0</occluded>
		<bndbox>
			<xmin>229</xmin>
			<xmax>339</xmax>
			<ymin>151</ymin>
			<ymax>204</ymax>
		</bndbox>
	</object>
</annotation>
