<annotation>
	<folder></folder>
	<filename>G_4900_JPG.rf.5bb437f09cfbcfdffd96c39447fc73ba.jpg</filename>
	<path>G_4900_JPG.rf.5bb437f09cfbcfdffd96c39447fc73ba.jpg</path>
	<source>
		<database>roboflow.ai</database>
	</source>
	<size>
		<width>416</width>
		<height>416</height>
		<depth>3</depth>
	</size>
	<segmented>0</segmented>
	<object>
		<name>G</name>
		<pose>Unspecified</pose>
		<truncated>0</truncated>
		<difficult>0</difficult>
		<occluded>0</occluded>
		<bndbox>
			<xmin>48</xmin>
			<xmax>190</xmax>
			<ymin>144</ymin>
			<ymax>192</ymax>
		</bndbox>
	</object>
</annotation>
