<annotation>
	<folder></folder>
	<filename>G_5068_JPG.rf.d02d9c3a5419087bdea351016e81cd04.jpg</filename>
	<path>G_5068_JPG.rf.d02d9c3a5419087bdea351016e81cd04.jpg</path>
	<source>
		<database>roboflow.ai</database>
	</source>
	<size>
		<width>416</width>
		<height>416</height>
		<depth>3</depth>
	</size>
	<segmented>0</segmented>
	<object>
		<name>G</name>
		<pose>Unspecified</pose>
		<truncated>0</truncated>
		<difficult>0</difficult>
		<occluded>0</occluded>
		<bndbox>
			<xmin>191</xmin>
			<xmax>319</xmax>
			<ymin>174</ymin>
			<ymax>218</ymax>
		</bndbox>
	</object>
</annotation>
