<annotation>
	<folder></folder>
	<filename>G_5056_JPG.rf.5266842d52e4fb55336a5f962ff9297d.jpg</filename>
	<path>G_5056_JPG.rf.5266842d52e4fb55336a5f962ff9297d.jpg</path>
	<source>
		<database>roboflow.ai</database>
	</source>
	<size>
		<width>416</width>
		<height>416</height>
		<depth>3</depth>
	</size>
	<segmented>0</segmented>
	<object>
		<name>G</name>
		<pose>Unspecified</pose>
		<truncated>0</truncated>
		<difficult>0</difficult>
		<occluded>0</occluded>
		<bndbox>
			<xmin>207</xmin>
			<xmax>325</xmax>
			<ymin>247</ymin>
			<ymax>299</ymax>
		</bndbox>
	</object>
</annotation>
