<annotation>
	<folder></folder>
	<filename>G_5092_jpg.rf.b4fc4b4bc39d89e5f6a262b4377d7820.jpg</filename>
	<path>G_5092_jpg.rf.b4fc4b4bc39d89e5f6a262b4377d7820.jpg</path>
	<source>
		<database>roboflow.ai</database>
	</source>
	<size>
		<width>416</width>
		<height>416</height>
		<depth>3</depth>
	</size>
	<segmented>0</segmented>
	<object>
		<name>G</name>
		<pose>Unspecified</pose>
		<truncated>0</truncated>
		<difficult>0</difficult>
		<occluded>0</occluded>
		<bndbox>
			<xmin>71</xmin>
			<xmax>394</xmax>
			<ymin>165</ymin>
			<ymax>285</ymax>
		</bndbox>
	</object>
</annotation>
