<annotation>
	<folder></folder>
	<filename>G_5008_JPG.rf.13b067d6b324f3897fb3595d260348a1.jpg</filename>
	<path>G_5008_JPG.rf.13b067d6b324f3897fb3595d260348a1.jpg</path>
	<source>
		<database>roboflow.ai</database>
	</source>
	<size>
		<width>416</width>
		<height>416</height>
		<depth>3</depth>
	</size>
	<segmented>0</segmented>
	<object>
		<name>G</name>
		<pose>Unspecified</pose>
		<truncated>0</truncated>
		<difficult>0</difficult>
		<occluded>0</occluded>
		<bndbox>
			<xmin>238</xmin>
			<xmax>341</xmax>
			<ymin>229</ymin>
			<ymax>271</ymax>
		</bndbox>
	</object>
</annotation>
