<annotation>
	<folder></folder>
	<filename>G_5032_JPG.rf.d2aea06b430c1b394a88c868ca9e19b0.jpg</filename>
	<path>G_5032_JPG.rf.d2aea06b430c1b394a88c868ca9e19b0.jpg</path>
	<source>
		<database>roboflow.ai</database>
	</source>
	<size>
		<width>416</width>
		<height>416</height>
		<depth>3</depth>
	</size>
	<segmented>0</segmented>
	<object>
		<name>G</name>
		<pose>Unspecified</pose>
		<truncated>0</truncated>
		<difficult>0</difficult>
		<occluded>0</occluded>
		<bndbox>
			<xmin>91</xmin>
			<xmax>196</xmax>
			<ymin>251</ymin>
			<ymax>286</ymax>
		</bndbox>
	</object>
</annotation>
