<annotation>
	<folder></folder>
	<filename>G_5080_JPG.rf.b396b5238cb9fdf07321e1d4298983c2.jpg</filename>
	<path>G_5080_JPG.rf.b396b5238cb9fdf07321e1d4298983c2.jpg</path>
	<source>
		<database>roboflow.ai</database>
	</source>
	<size>
		<width>416</width>
		<height>416</height>
		<depth>3</depth>
	</size>
	<segmented>0</segmented>
	<object>
		<name>G</name>
		<pose>Unspecified</pose>
		<truncated>0</truncated>
		<difficult>0</difficult>
		<occluded>0</occluded>
		<bndbox>
			<xmin>56</xmin>
			<xmax>190</xmax>
			<ymin>160</ymin>
			<ymax>209</ymax>
		</bndbox>
	</object>
</annotation>
