<annotation>
	<folder></folder>
	<filename>G_5044_JPG.rf.c7b9b3cdf25ddb72eddbec8651e57949.jpg</filename>
	<path>G_5044_JPG.rf.c7b9b3cdf25ddb72eddbec8651e57949.jpg</path>
	<source>
		<database>roboflow.ai</database>
	</source>
	<size>
		<width>416</width>
		<height>416</height>
		<depth>3</depth>
	</size>
	<segmented>0</segmented>
	<object>
		<name>G</name>
		<pose>Unspecified</pose>
		<truncated>0</truncated>
		<difficult>0</difficult>
		<occluded>0</occluded>
		<bndbox>
			<xmin>194</xmin>
			<xmax>309</xmax>
			<ymin>245</ymin>
			<ymax>290</ymax>
		</bndbox>
	</object>
</annotation>
