<annotation>
	<folder></folder>
	<filename>G_5140_jpg.rf.28cd3ae11c75a10fc63118764c56a4ac.jpg</filename>
	<path>G_5140_jpg.rf.28cd3ae11c75a10fc63118764c56a4ac.jpg</path>
	<source>
		<database>roboflow.ai</database>
	</source>
	<size>
		<width>416</width>
		<height>416</height>
		<depth>3</depth>
	</size>
	<segmented>0</segmented>
	<object>
		<name>G</name>
		<pose>Unspecified</pose>
		<truncated>0</truncated>
		<difficult>0</difficult>
		<occluded>0</occluded>
		<bndbox>
			<xmin>152</xmin>
			<xmax>417</xmax>
			<ymin>126</ymin>
			<ymax>277</ymax>
		</bndbox>
	</object>
</annotation>
