<annotation>
	<folder></folder>
	<filename>G_5188_JPG.rf.bd48fd969862b67568d6266e9fb60d2b.jpg</filename>
	<path>G_5188_JPG.rf.bd48fd969862b67568d6266e9fb60d2b.jpg</path>
	<source>
		<database>roboflow.ai</database>
	</source>
	<size>
		<width>416</width>
		<height>416</height>
		<depth>3</depth>
	</size>
	<segmented>0</segmented>
	<object>
		<name>G</name>
		<pose>Unspecified</pose>
		<truncated>0</truncated>
		<difficult>0</difficult>
		<occluded>0</occluded>
		<bndbox>
			<xmin>104</xmin>
			<xmax>209</xmax>
			<ymin>204</ymin>
			<ymax>246</ymax>
		</bndbox>
	</object>
</annotation>
