<annotation>
	<folder></folder>
	<filename>G_5176_JPG.rf.d86d4ae3929c8dc31adc85fb18da61f1.jpg</filename>
	<path>G_5176_JPG.rf.d86d4ae3929c8dc31adc85fb18da61f1.jpg</path>
	<source>
		<database>roboflow.ai</database>
	</source>
	<size>
		<width>416</width>
		<height>416</height>
		<depth>3</depth>
	</size>
	<segmented>0</segmented>
	<object>
		<name>G</name>
		<pose>Unspecified</pose>
		<truncated>0</truncated>
		<difficult>0</difficult>
		<occluded>0</occluded>
		<bndbox>
			<xmin>74</xmin>
			<xmax>213</xmax>
			<ymin>225</ymin>
			<ymax>286</ymax>
		</bndbox>
	</object>
</annotation>
