<annotation>
	<folder></folder>
	<filename>G_5152_JPG.rf.6097e520596dc1a7f11c7fd9aca1ba8f.jpg</filename>
	<path>G_5152_JPG.rf.6097e520596dc1a7f11c7fd9aca1ba8f.jpg</path>
	<source>
		<database>roboflow.ai</database>
	</source>
	<size>
		<width>416</width>
		<height>416</height>
		<depth>3</depth>
	</size>
	<segmented>0</segmented>
	<object>
		<name>G</name>
		<pose>Unspecified</pose>
		<truncated>0</truncated>
		<difficult>0</difficult>
		<occluded>0</occluded>
		<bndbox>
			<xmin>106</xmin>
			<xmax>210</xmax>
			<ymin>225</ymin>
			<ymax>277</ymax>
		</bndbox>
	</object>
</annotation>
