<annotation>
	<folder></folder>
	<filename>G_5128_jpg.rf.204e7557bfc08f6a85ea69f9aa9f24f4.jpg</filename>
	<path>G_5128_jpg.rf.204e7557bfc08f6a85ea69f9aa9f24f4.jpg</path>
	<source>
		<database>roboflow.ai</database>
	</source>
	<size>
		<width>416</width>
		<height>416</height>
		<depth>3</depth>
	</size>
	<segmented>0</segmented>
	<object>
		<name>G</name>
		<pose>Unspecified</pose>
		<truncated>0</truncated>
		<difficult>0</difficult>
		<occluded>0</occluded>
		<bndbox>
			<xmin>61</xmin>
			<xmax>412</xmax>
			<ymin>104</ymin>
			<ymax>309</ymax>
		</bndbox>
	</object>
</annotation>
