<annotation>
	<folder></folder>
	<filename>G_5104_jpg.rf.fd2b15ff5d970f6bc58432dacf239257.jpg</filename>
	<path>G_5104_jpg.rf.fd2b15ff5d970f6bc58432dacf239257.jpg</path>
	<source>
		<database>roboflow.ai</database>
	</source>
	<size>
		<width>416</width>
		<height>416</height>
		<depth>3</depth>
	</size>
	<segmented>0</segmented>
	<object>
		<name>G</name>
		<pose>Unspecified</pose>
		<truncated>0</truncated>
		<difficult>0</difficult>
		<occluded>0</occluded>
		<bndbox>
			<xmin>145</xmin>
			<xmax>416</xmax>
			<ymin>165</ymin>
			<ymax>301</ymax>
		</bndbox>
	</object>
</annotation>
