<annotation>
	<folder></folder>
	<filename>G_5116_jpg.rf.3814412af444e4d4ff261d9db041e1f4.jpg</filename>
	<path>G_5116_jpg.rf.3814412af444e4d4ff261d9db041e1f4.jpg</path>
	<source>
		<database>roboflow.ai</database>
	</source>
	<size>
		<width>416</width>
		<height>416</height>
		<depth>3</depth>
	</size>
	<segmented>0</segmented>
	<object>
		<name>G</name>
		<pose>Unspecified</pose>
		<truncated>0</truncated>
		<difficult>0</difficult>
		<occluded>0</occluded>
		<bndbox>
			<xmin>186</xmin>
			<xmax>416</xmax>
			<ymin>233</ymin>
			<ymax>369</ymax>
		</bndbox>
	</object>
</annotation>
