<annotation>
	<folder></folder>
	<filename>G_5164_JPG.rf.2c46beca986d095ab39c912a4b0e05fa.jpg</filename>
	<path>G_5164_JPG.rf.2c46beca986d095ab39c912a4b0e05fa.jpg</path>
	<source>
		<database>roboflow.ai</database>
	</source>
	<size>
		<width>416</width>
		<height>416</height>
		<depth>3</depth>
	</size>
	<segmented>0</segmented>
	<object>
		<name>G</name>
		<pose>Unspecified</pose>
		<truncated>0</truncated>
		<difficult>0</difficult>
		<occluded>0</occluded>
		<bndbox>
			<xmin>221</xmin>
			<xmax>316</xmax>
			<ymin>220</ymin>
			<ymax>263</ymax>
		</bndbox>
	</object>
</annotation>
