<annotation>
	<folder></folder>
	<filename>G_5296_JPG.rf.70a3b9fa3064ee5d3f9102daba59b3c8.jpg</filename>
	<path>G_5296_JPG.rf.70a3b9fa3064ee5d3f9102daba59b3c8.jpg</path>
	<source>
		<database>roboflow.ai</database>
	</source>
	<size>
		<width>416</width>
		<height>416</height>
		<depth>3</depth>
	</size>
	<segmented>0</segmented>
	<object>
		<name>G</name>
		<pose>Unspecified</pose>
		<truncated>0</truncated>
		<difficult>0</difficult>
		<occluded>0</occluded>
		<bndbox>
			<xmin>22</xmin>
			<xmax>121</xmax>
			<ymin>197</ymin>
			<ymax>243</ymax>
		</bndbox>
	</object>
</annotation>
