<annotation>
	<folder></folder>
	<filename>G_5200_JPG.rf.bffedc4949516a7395dce00ac785427c.jpg</filename>
	<path>G_5200_JPG.rf.bffedc4949516a7395dce00ac785427c.jpg</path>
	<source>
		<database>roboflow.ai</database>
	</source>
	<size>
		<width>416</width>
		<height>416</height>
		<depth>3</depth>
	</size>
	<segmented>0</segmented>
	<object>
		<name>G</name>
		<pose>Unspecified</pose>
		<truncated>0</truncated>
		<difficult>0</difficult>
		<occluded>0</occluded>
		<bndbox>
			<xmin>213</xmin>
			<xmax>345</xmax>
			<ymin>208</ymin>
			<ymax>258</ymax>
		</bndbox>
	</object>
</annotation>
