<annotation>
	<folder></folder>
	<filename>G_5260_JPG.rf.f05e07355af813ea8f42d7db826a137d.jpg</filename>
	<path>G_5260_JPG.rf.f05e07355af813ea8f42d7db826a137d.jpg</path>
	<source>
		<database>roboflow.ai</database>
	</source>
	<size>
		<width>416</width>
		<height>416</height>
		<depth>3</depth>
	</size>
	<segmented>0</segmented>
	<object>
		<name>G</name>
		<pose>Unspecified</pose>
		<truncated>0</truncated>
		<difficult>0</difficult>
		<occluded>0</occluded>
		<bndbox>
			<xmin>247</xmin>
			<xmax>373</xmax>
			<ymin>186</ymin>
			<ymax>228</ymax>
		</bndbox>
	</object>
</annotation>
