<annotation>
	<folder></folder>
	<filename>G_5236_JPG.rf.5d8c3ed304530bb17d4f3717c68e80c0.jpg</filename>
	<path>G_5236_JPG.rf.5d8c3ed304530bb17d4f3717c68e80c0.jpg</path>
	<source>
		<database>roboflow.ai</database>
	</source>
	<size>
		<width>416</width>
		<height>416</height>
		<depth>3</depth>
	</size>
	<segmented>0</segmented>
	<object>
		<name>G</name>
		<pose>Unspecified</pose>
		<truncated>0</truncated>
		<difficult>0</difficult>
		<occluded>0</occluded>
		<bndbox>
			<xmin>184</xmin>
			<xmax>309</xmax>
			<ymin>182</ymin>
			<ymax>224</ymax>
		</bndbox>
	</object>
</annotation>
