<annotation>
	<folder></folder>
	<filename>G_5248_JPG.rf.3158d142cbc7805290c2a0b756df875b.jpg</filename>
	<path>G_5248_JPG.rf.3158d142cbc7805290c2a0b756df875b.jpg</path>
	<source>
		<database>roboflow.ai</database>
	</source>
	<size>
		<width>416</width>
		<height>416</height>
		<depth>3</depth>
	</size>
	<segmented>0</segmented>
	<object>
		<name>G</name>
		<pose>Unspecified</pose>
		<truncated>0</truncated>
		<difficult>0</difficult>
		<occluded>0</occluded>
		<bndbox>
			<xmin>55</xmin>
			<xmax>175</xmax>
			<ymin>190</ymin>
			<ymax>232</ymax>
		</bndbox>
	</object>
</annotation>
