<annotation>
	<folder></folder>
	<filename>G_5224_JPG.rf.4400001c999f41fbf01b8ecff1c3001b.jpg</filename>
	<path>G_5224_JPG.rf.4400001c999f41fbf01b8ecff1c3001b.jpg</path>
	<source>
		<database>roboflow.ai</database>
	</source>
	<size>
		<width>416</width>
		<height>416</height>
		<depth>3</depth>
	</size>
	<segmented>0</segmented>
	<object>
		<name>G</name>
		<pose>Unspecified</pose>
		<truncated>0</truncated>
		<difficult>0</difficult>
		<occluded>0</occluded>
		<bndbox>
			<xmin>65</xmin>
			<xmax>189</xmax>
			<ymin>159</ymin>
			<ymax>201</ymax>
		</bndbox>
	</object>
</annotation>
