<annotation>
	<folder></folder>
	<filename>G_5284_JPG.rf.0cf7a35da595fe8f9dceccf66e7fc2ca.jpg</filename>
	<path>G_5284_JPG.rf.0cf7a35da595fe8f9dceccf66e7fc2ca.jpg</path>
	<source>
		<database>roboflow.ai</database>
	</source>
	<size>
		<width>416</width>
		<height>416</height>
		<depth>3</depth>
	</size>
	<segmented>0</segmented>
	<object>
		<name>G</name>
		<pose>Unspecified</pose>
		<truncated>0</truncated>
		<difficult>0</difficult>
		<occluded>0</occluded>
		<bndbox>
			<xmin>210</xmin>
			<xmax>347</xmax>
			<ymin>195</ymin>
			<ymax>239</ymax>
		</bndbox>
	</object>
</annotation>
