<annotation>
	<folder></folder>
	<filename>G_5272_JPG.rf.8b33b1581b5557ed2cf9690cdd263aa2.jpg</filename>
	<path>G_5272_JPG.rf.8b33b1581b5557ed2cf9690cdd263aa2.jpg</path>
	<source>
		<database>roboflow.ai</database>
	</source>
	<size>
		<width>416</width>
		<height>416</height>
		<depth>3</depth>
	</size>
	<segmented>0</segmented>
	<object>
		<name>G</name>
		<pose>Unspecified</pose>
		<truncated>0</truncated>
		<difficult>0</difficult>
		<occluded>0</occluded>
		<bndbox>
			<xmin>10</xmin>
			<xmax>153</xmax>
			<ymin>159</ymin>
			<ymax>203</ymax>
		</bndbox>
	</object>
</annotation>
