<annotation>
	<folder></folder>
	<filename>G_5392_jpeg.rf.2896317b8d20f5bea585298f8eab68a3.jpg</filename>
	<path>G_5392_jpeg.rf.2896317b8d20f5bea585298f8eab68a3.jpg</path>
	<source>
		<database>roboflow.ai</database>
	</source>
	<size>
		<width>416</width>
		<height>416</height>
		<depth>3</depth>
	</size>
	<segmented>0</segmented>
	<object>
		<name>C</name>
		<pose>Unspecified</pose>
		<truncated>0</truncated>
		<difficult>0</difficult>
		<occluded>0</occluded>
		<bndbox>
			<xmin>1</xmin>
			<xmax>125</xmax>
			<ymin>159</ymin>
			<ymax>287</ymax>
		</bndbox>
	</object>
</annotation>
