<annotation>
	<folder></folder>
	<filename>G_5320_jpg.rf.c6080e1f8f5f83dd6398d13380996b98.jpg</filename>
	<path>G_5320_jpg.rf.c6080e1f8f5f83dd6398d13380996b98.jpg</path>
	<source>
		<database>roboflow.ai</database>
	</source>
	<size>
		<width>416</width>
		<height>416</height>
		<depth>3</depth>
	</size>
	<segmented>0</segmented>
	<object>
		<name>G</name>
		<pose>Unspecified</pose>
		<truncated>0</truncated>
		<difficult>0</difficult>
		<occluded>0</occluded>
		<bndbox>
			<xmin>1</xmin>
			<xmax>235</xmax>
			<ymin>149</ymin>
			<ymax>278</ymax>
		</bndbox>
	</object>
</annotation>
