<annotation>
	<folder></folder>
	<filename>G_5368_jpeg.rf.6efda64640c1d62e7f32af8c6091d3ed.jpg</filename>
	<path>G_5368_jpeg.rf.6efda64640c1d62e7f32af8c6091d3ed.jpg</path>
	<source>
		<database>roboflow.ai</database>
	</source>
	<size>
		<width>416</width>
		<height>416</height>
		<depth>3</depth>
	</size>
	<segmented>0</segmented>
	<object>
		<name>G</name>
		<pose>Unspecified</pose>
		<truncated>0</truncated>
		<difficult>0</difficult>
		<occluded>0</occluded>
		<bndbox>
			<xmin>73</xmin>
			<xmax>316</xmax>
			<ymin>162</ymin>
			<ymax>292</ymax>
		</bndbox>
	</object>
</annotation>
