<annotation>
	<folder></folder>
	<filename>G_5308_JPG.rf.3cd9d7263a44289eeb4d14bbb31ca910.jpg</filename>
	<path>G_5308_JPG.rf.3cd9d7263a44289eeb4d14bbb31ca910.jpg</path>
	<source>
		<database>roboflow.ai</database>
	</source>
	<size>
		<width>416</width>
		<height>416</height>
		<depth>3</depth>
	</size>
	<segmented>0</segmented>
	<object>
		<name>G</name>
		<pose>Unspecified</pose>
		<truncated>0</truncated>
		<difficult>0</difficult>
		<occluded>0</occluded>
		<bndbox>
			<xmin>255</xmin>
			<xmax>355</xmax>
			<ymin>189</ymin>
			<ymax>229</ymax>
		</bndbox>
	</object>
</annotation>
