<annotation>
	<folder></folder>
	<filename>G_5332_jpeg.rf.447301b362a2cb61938546d2a211adbf.jpg</filename>
	<path>G_5332_jpeg.rf.447301b362a2cb61938546d2a211adbf.jpg</path>
	<source>
		<database>roboflow.ai</database>
	</source>
	<size>
		<width>416</width>
		<height>416</height>
		<depth>3</depth>
	</size>
	<segmented>0</segmented>
	<object>
		<name>G</name>
		<pose>Unspecified</pose>
		<truncated>0</truncated>
		<difficult>0</difficult>
		<occluded>0</occluded>
		<bndbox>
			<xmin>110</xmin>
			<xmax>415</xmax>
			<ymin>158</ymin>
			<ymax>273</ymax>
		</bndbox>
	</object>
</annotation>
