<annotation>
	<folder></folder>
	<filename>G_5356_jpeg.rf.0228b53555518ca1184b68e137a5f7ba.jpg</filename>
	<path>G_5356_jpeg.rf.0228b53555518ca1184b68e137a5f7ba.jpg</path>
	<source>
		<database>roboflow.ai</database>
	</source>
	<size>
		<width>416</width>
		<height>416</height>
		<depth>3</depth>
	</size>
	<segmented>0</segmented>
	<object>
		<name>G</name>
		<pose>Unspecified</pose>
		<truncated>0</truncated>
		<difficult>0</difficult>
		<occluded>0</occluded>
		<bndbox>
			<xmin>1</xmin>
			<xmax>251</xmax>
			<ymin>194</ymin>
			<ymax>337</ymax>
		</bndbox>
	</object>
</annotation>
