<annotation>
	<folder></folder>
	<filename>G_5380_jpeg.rf.4b278c36ee1071de53829d8d88d2c82b.jpg</filename>
	<path>G_5380_jpeg.rf.4b278c36ee1071de53829d8d88d2c82b.jpg</path>
	<source>
		<database>roboflow.ai</database>
	</source>
	<size>
		<width>416</width>
		<height>416</height>
		<depth>3</depth>
	</size>
	<segmented>0</segmented>
	<object>
		<name>G</name>
		<pose>Unspecified</pose>
		<truncated>0</truncated>
		<difficult>0</difficult>
		<occluded>0</occluded>
		<bndbox>
			<xmin>91</xmin>
			<xmax>273</xmax>
			<ymin>202</ymin>
			<ymax>293</ymax>
		</bndbox>
	</object>
</annotation>
