<annotation>
	<folder></folder>
	<filename>G_5344_jpeg.rf.2d591c8b1985777a327287be52973a35.jpg</filename>
	<path>G_5344_jpeg.rf.2d591c8b1985777a327287be52973a35.jpg</path>
	<source>
		<database>roboflow.ai</database>
	</source>
	<size>
		<width>416</width>
		<height>416</height>
		<depth>3</depth>
	</size>
	<segmented>0</segmented>
	<object>
		<name>G</name>
		<pose>Unspecified</pose>
		<truncated>0</truncated>
		<difficult>0</difficult>
		<occluded>0</occluded>
		<bndbox>
			<xmin>51</xmin>
			<xmax>241</xmax>
			<ymin>136</ymin>
			<ymax>244</ymax>
		</bndbox>
	</object>
</annotation>
