<annotation>
	<folder></folder>
	<filename>G_5416_jpeg.rf.d42479b77874cc5b5b254e7aa8744ebc.jpg</filename>
	<path>G_5416_jpeg.rf.d42479b77874cc5b5b254e7aa8744ebc.jpg</path>
	<source>
		<database>roboflow.ai</database>
	</source>
	<size>
		<width>416</width>
		<height>416</height>
		<depth>3</depth>
	</size>
	<segmented>0</segmented>
	<object>
		<name>G</name>
		<pose>Unspecified</pose>
		<truncated>0</truncated>
		<difficult>0</difficult>
		<occluded>0</occluded>
		<bndbox>
			<xmin>1</xmin>
			<xmax>260</xmax>
			<ymin>217</ymin>
			<ymax>334</ymax>
		</bndbox>
	</object>
</annotation>
