<annotation>
	<folder></folder>
	<filename>G_5476_JPG.rf.ca3211d13d57ca028714891ca42162c7.jpg</filename>
	<path>G_5476_JPG.rf.ca3211d13d57ca028714891ca42162c7.jpg</path>
	<source>
		<database>roboflow.ai</database>
	</source>
	<size>
		<width>416</width>
		<height>416</height>
		<depth>3</depth>
	</size>
	<segmented>0</segmented>
	<object>
		<name>G</name>
		<pose>Unspecified</pose>
		<truncated>0</truncated>
		<difficult>0</difficult>
		<occluded>0</occluded>
		<bndbox>
			<xmin>139</xmin>
			<xmax>237</xmax>
			<ymin>237</ymin>
			<ymax>276</ymax>
		</bndbox>
	</object>
</annotation>
