<annotation>
	<folder></folder>
	<filename>G_5488_JPG.rf.dcb0bfacd0267e0af41db19d44205c8b.jpg</filename>
	<path>G_5488_JPG.rf.dcb0bfacd0267e0af41db19d44205c8b.jpg</path>
	<source>
		<database>roboflow.ai</database>
	</source>
	<size>
		<width>416</width>
		<height>416</height>
		<depth>3</depth>
	</size>
	<segmented>0</segmented>
	<object>
		<name>G</name>
		<pose>Unspecified</pose>
		<truncated>0</truncated>
		<difficult>0</difficult>
		<occluded>0</occluded>
		<bndbox>
			<xmin>194</xmin>
			<xmax>298</xmax>
			<ymin>183</ymin>
			<ymax>224</ymax>
		</bndbox>
	</object>
</annotation>
