<annotation>
	<folder></folder>
	<filename>G_5440_jpeg.rf.645985f051503c9646abb0c5349bc3e5.jpg</filename>
	<path>G_5440_jpeg.rf.645985f051503c9646abb0c5349bc3e5.jpg</path>
	<source>
		<database>roboflow.ai</database>
	</source>
	<size>
		<width>416</width>
		<height>416</height>
		<depth>3</depth>
	</size>
	<segmented>0</segmented>
	<object>
		<name>G</name>
		<pose>Unspecified</pose>
		<truncated>0</truncated>
		<difficult>0</difficult>
		<occluded>0</occluded>
		<bndbox>
			<xmin>1</xmin>
			<xmax>250</xmax>
			<ymin>79</ymin>
			<ymax>190</ymax>
		</bndbox>
	</object>
</annotation>
