<annotation>
	<folder></folder>
	<filename>G_5452_jpeg.rf.4f498b29c137b6768e9dc887fe7af709.jpg</filename>
	<path>G_5452_jpeg.rf.4f498b29c137b6768e9dc887fe7af709.jpg</path>
	<source>
		<database>roboflow.ai</database>
	</source>
	<size>
		<width>416</width>
		<height>416</height>
		<depth>3</depth>
	</size>
	<segmented>0</segmented>
	<object>
		<name>G</name>
		<pose>Unspecified</pose>
		<truncated>0</truncated>
		<difficult>0</difficult>
		<occluded>0</occluded>
		<bndbox>
			<xmin>1</xmin>
			<xmax>175</xmax>
			<ymin>173</ymin>
			<ymax>288</ymax>
		</bndbox>
	</object>
</annotation>
