<annotation>
	<folder></folder>
	<filename>G_5464_JPG.rf.4488c07fb0564c50a189d745798b49ee.jpg</filename>
	<path>G_5464_JPG.rf.4488c07fb0564c50a189d745798b49ee.jpg</path>
	<source>
		<database>roboflow.ai</database>
	</source>
	<size>
		<width>416</width>
		<height>416</height>
		<depth>3</depth>
	</size>
	<segmented>0</segmented>
	<object>
		<name>G</name>
		<pose>Unspecified</pose>
		<truncated>0</truncated>
		<difficult>0</difficult>
		<occluded>0</occluded>
		<bndbox>
			<xmin>69</xmin>
			<xmax>188</xmax>
			<ymin>193</ymin>
			<ymax>237</ymax>
		</bndbox>
	</object>
</annotation>
