<annotation>
	<folder></folder>
	<filename>G_5428_jpeg.rf.1e0d909472e3e07d25454bb3d35409dc.jpg</filename>
	<path>G_5428_jpeg.rf.1e0d909472e3e07d25454bb3d35409dc.jpg</path>
	<source>
		<database>roboflow.ai</database>
	</source>
	<size>
		<width>416</width>
		<height>416</height>
		<depth>3</depth>
	</size>
	<segmented>0</segmented>
	<object>
		<name>G</name>
		<pose>Unspecified</pose>
		<truncated>0</truncated>
		<difficult>0</difficult>
		<occluded>0</occluded>
		<bndbox>
			<xmin>1</xmin>
			<xmax>199</xmax>
			<ymin>231</ymin>
			<ymax>346</ymax>
		</bndbox>
	</object>
</annotation>
