<annotation>
	<folder></folder>
	<filename>H_5500_JPG.rf.108963c69be0b2f53fd8ba85e24a6a74.jpg</filename>
	<path>H_5500_JPG.rf.108963c69be0b2f53fd8ba85e24a6a74.jpg</path>
	<source>
		<database>roboflow.ai</database>
	</source>
	<size>
		<width>416</width>
		<height>416</height>
		<depth>3</depth>
	</size>
	<segmented>0</segmented>
	<object>
		<name>H</name>
		<pose>Unspecified</pose>
		<truncated>0</truncated>
		<difficult>0</difficult>
		<occluded>0</occluded>
		<bndbox>
			<xmin>56</xmin>
			<xmax>163</xmax>
			<ymin>192</ymin>
			<ymax>221</ymax>
		</bndbox>
	</object>
</annotation>
