<annotation>
	<folder></folder>
	<filename>H_5572_JPG.rf.a1f6086923b475497fe6db5ba5b38246.jpg</filename>
	<path>H_5572_JPG.rf.a1f6086923b475497fe6db5ba5b38246.jpg</path>
	<source>
		<database>roboflow.ai</database>
	</source>
	<size>
		<width>416</width>
		<height>416</height>
		<depth>3</depth>
	</size>
	<segmented>0</segmented>
	<object>
		<name>H</name>
		<pose>Unspecified</pose>
		<truncated>0</truncated>
		<difficult>0</difficult>
		<occluded>0</occluded>
		<bndbox>
			<xmin>68</xmin>
			<xmax>213</xmax>
			<ymin>189</ymin>
			<ymax>244</ymax>
		</bndbox>
	</object>
</annotation>
