<annotation>
	<folder></folder>
	<filename>H_5524_JPG.rf.45b1214bdd915d63c3d030afefcfc681.jpg</filename>
	<path>H_5524_JPG.rf.45b1214bdd915d63c3d030afefcfc681.jpg</path>
	<source>
		<database>roboflow.ai</database>
	</source>
	<size>
		<width>416</width>
		<height>416</height>
		<depth>3</depth>
	</size>
	<segmented>0</segmented>
	<object>
		<name>H</name>
		<pose>Unspecified</pose>
		<truncated>0</truncated>
		<difficult>0</difficult>
		<occluded>0</occluded>
		<bndbox>
			<xmin>46</xmin>
			<xmax>166</xmax>
			<ymin>212</ymin>
			<ymax>245</ymax>
		</bndbox>
	</object>
</annotation>
