<annotation>
	<folder></folder>
	<filename>H_5560_JPG.rf.736a29acf6709dbfa51a295159afb1ed.jpg</filename>
	<path>H_5560_JPG.rf.736a29acf6709dbfa51a295159afb1ed.jpg</path>
	<source>
		<database>roboflow.ai</database>
	</source>
	<size>
		<width>416</width>
		<height>416</height>
		<depth>3</depth>
	</size>
	<segmented>0</segmented>
	<object>
		<name>H</name>
		<pose>Unspecified</pose>
		<truncated>0</truncated>
		<difficult>0</difficult>
		<occluded>0</occluded>
		<bndbox>
			<xmin>74</xmin>
			<xmax>217</xmax>
			<ymin>193</ymin>
			<ymax>243</ymax>
		</bndbox>
	</object>
</annotation>
