<annotation>
	<folder></folder>
	<filename>H_5536_JPG.rf.238235204a6de6031c915ce2beb3245c.jpg</filename>
	<path>H_5536_JPG.rf.238235204a6de6031c915ce2beb3245c.jpg</path>
	<source>
		<database>roboflow.ai</database>
	</source>
	<size>
		<width>416</width>
		<height>416</height>
		<depth>3</depth>
	</size>
	<segmented>0</segmented>
	<object>
		<name>H</name>
		<pose>Unspecified</pose>
		<truncated>0</truncated>
		<difficult>0</difficult>
		<occluded>0</occluded>
		<bndbox>
			<xmin>248</xmin>
			<xmax>348</xmax>
			<ymin>202</ymin>
			<ymax>231</ymax>
		</bndbox>
	</object>
</annotation>
