<annotation>
	<folder></folder>
	<filename>H_5548_JPG.rf.dd9cd9333fab3fd6253a4141fc89bf71.jpg</filename>
	<path>H_5548_JPG.rf.dd9cd9333fab3fd6253a4141fc89bf71.jpg</path>
	<source>
		<database>roboflow.ai</database>
	</source>
	<size>
		<width>416</width>
		<height>416</height>
		<depth>3</depth>
	</size>
	<segmented>0</segmented>
	<object>
		<name>H</name>
		<pose>Unspecified</pose>
		<truncated>0</truncated>
		<difficult>0</difficult>
		<occluded>0</occluded>
		<bndbox>
			<xmin>42</xmin>
			<xmax>245</xmax>
			<ymin>227</ymin>
			<ymax>297</ymax>
		</bndbox>
	</object>
</annotation>
