<annotation>
	<folder></folder>
	<filename>H_5596_JPG.rf.6441bcb1997c575b3674203d7e6f9162.jpg</filename>
	<path>H_5596_JPG.rf.6441bcb1997c575b3674203d7e6f9162.jpg</path>
	<source>
		<database>roboflow.ai</database>
	</source>
	<size>
		<width>416</width>
		<height>416</height>
		<depth>3</depth>
	</size>
	<segmented>0</segmented>
	<object>
		<name>H</name>
		<pose>Unspecified</pose>
		<truncated>0</truncated>
		<difficult>0</difficult>
		<occluded>0</occluded>
		<bndbox>
			<xmin>210</xmin>
			<xmax>311</xmax>
			<ymin>179</ymin>
			<ymax>232</ymax>
		</bndbox>
	</object>
</annotation>
