<annotation>
	<folder></folder>
	<filename>H_5512_JPG.rf.9f299cc5f5c5777d322b51dae7af2fcc.jpg</filename>
	<path>H_5512_JPG.rf.9f299cc5f5c5777d322b51dae7af2fcc.jpg</path>
	<source>
		<database>roboflow.ai</database>
	</source>
	<size>
		<width>416</width>
		<height>416</height>
		<depth>3</depth>
	</size>
	<segmented>0</segmented>
	<object>
		<name>H</name>
		<pose>Unspecified</pose>
		<truncated>0</truncated>
		<difficult>0</difficult>
		<occluded>0</occluded>
		<bndbox>
			<xmin>241</xmin>
			<xmax>343</xmax>
			<ymin>195</ymin>
			<ymax>227</ymax>
		</bndbox>
	</object>
</annotation>
