<annotation>
	<folder></folder>
	<filename>H_5584_JPG.rf.e13ed295bd59f8dfc2e7c6874b44abed.jpg</filename>
	<path>H_5584_JPG.rf.e13ed295bd59f8dfc2e7c6874b44abed.jpg</path>
	<source>
		<database>roboflow.ai</database>
	</source>
	<size>
		<width>416</width>
		<height>416</height>
		<depth>3</depth>
	</size>
	<segmented>0</segmented>
	<object>
		<name>H</name>
		<pose>Unspecified</pose>
		<truncated>0</truncated>
		<difficult>0</difficult>
		<occluded>0</occluded>
		<bndbox>
			<xmin>194</xmin>
			<xmax>289</xmax>
			<ymin>210</ymin>
			<ymax>242</ymax>
		</bndbox>
	</object>
</annotation>
