<annotation>
	<folder></folder>
	<filename>H_5692_JPG.rf.aa16f7953854635c4f353ef3bd48c865.jpg</filename>
	<path>H_5692_JPG.rf.aa16f7953854635c4f353ef3bd48c865.jpg</path>
	<source>
		<database>roboflow.ai</database>
	</source>
	<size>
		<width>416</width>
		<height>416</height>
		<depth>3</depth>
	</size>
	<segmented>0</segmented>
	<object>
		<name>H</name>
		<pose>Unspecified</pose>
		<truncated>0</truncated>
		<difficult>0</difficult>
		<occluded>0</occluded>
		<bndbox>
			<xmin>185</xmin>
			<xmax>371</xmax>
			<ymin>183</ymin>
			<ymax>236</ymax>
		</bndbox>
	</object>
</annotation>
