<annotation>
	<folder></folder>
	<filename>H_5680_JPG.rf.0682929e7628d011ee8091e4955e2530.jpg</filename>
	<path>H_5680_JPG.rf.0682929e7628d011ee8091e4955e2530.jpg</path>
	<source>
		<database>roboflow.ai</database>
	</source>
	<size>
		<width>416</width>
		<height>416</height>
		<depth>3</depth>
	</size>
	<segmented>0</segmented>
	<object>
		<name>H</name>
		<pose>Unspecified</pose>
		<truncated>0</truncated>
		<difficult>0</difficult>
		<occluded>0</occluded>
		<bndbox>
			<xmin>94</xmin>
			<xmax>264</xmax>
			<ymin>202</ymin>
			<ymax>252</ymax>
		</bndbox>
	</object>
</annotation>
