<annotation>
	<folder></folder>
	<filename>H_5656_JPG.rf.6855d57df8208061352338a8dce09eb1.jpg</filename>
	<path>H_5656_JPG.rf.6855d57df8208061352338a8dce09eb1.jpg</path>
	<source>
		<database>roboflow.ai</database>
	</source>
	<size>
		<width>416</width>
		<height>416</height>
		<depth>3</depth>
	</size>
	<segmented>0</segmented>
	<object>
		<name>H</name>
		<pose>Unspecified</pose>
		<truncated>0</truncated>
		<difficult>0</difficult>
		<occluded>0</occluded>
		<bndbox>
			<xmin>197</xmin>
			<xmax>333</xmax>
			<ymin>112</ymin>
			<ymax>167</ymax>
		</bndbox>
	</object>
</annotation>
