<annotation>
	<folder></folder>
	<filename>H_5668_JPG.rf.ca7c0951ccaf84e43a52a4936798acb7.jpg</filename>
	<path>H_5668_JPG.rf.ca7c0951ccaf84e43a52a4936798acb7.jpg</path>
	<source>
		<database>roboflow.ai</database>
	</source>
	<size>
		<width>416</width>
		<height>416</height>
		<depth>3</depth>
	</size>
	<segmented>0</segmented>
	<object>
		<name>H</name>
		<pose>Unspecified</pose>
		<truncated>0</truncated>
		<difficult>0</difficult>
		<occluded>0</occluded>
		<bndbox>
			<xmin>56</xmin>
			<xmax>243</xmax>
			<ymin>200</ymin>
			<ymax>250</ymax>
		</bndbox>
	</object>
</annotation>
