<annotation>
	<folder></folder>
	<filename>H_5608_JPG.rf.0ff435d2682884a57b6efb031e812281.jpg</filename>
	<path>H_5608_JPG.rf.0ff435d2682884a57b6efb031e812281.jpg</path>
	<source>
		<database>roboflow.ai</database>
	</source>
	<size>
		<width>416</width>
		<height>416</height>
		<depth>3</depth>
	</size>
	<segmented>0</segmented>
	<object>
		<name>H</name>
		<pose>Unspecified</pose>
		<truncated>0</truncated>
		<difficult>0</difficult>
		<occluded>0</occluded>
		<bndbox>
			<xmin>181</xmin>
			<xmax>329</xmax>
			<ymin>236</ymin>
			<ymax>290</ymax>
		</bndbox>
	</object>
</annotation>
