<annotation>
	<folder></folder>
	<filename>H_5620_JPG.rf.00ae79c92b70465ec028e58e9d9a7bbb.jpg</filename>
	<path>H_5620_JPG.rf.00ae79c92b70465ec028e58e9d9a7bbb.jpg</path>
	<source>
		<database>roboflow.ai</database>
	</source>
	<size>
		<width>416</width>
		<height>416</height>
		<depth>3</depth>
	</size>
	<segmented>0</segmented>
	<object>
		<name>H</name>
		<pose>Unspecified</pose>
		<truncated>0</truncated>
		<difficult>0</difficult>
		<occluded>0</occluded>
		<bndbox>
			<xmin>121</xmin>
			<xmax>280</xmax>
			<ymin>180</ymin>
			<ymax>233</ymax>
		</bndbox>
	</object>
</annotation>
