<annotation>
	<folder></folder>
	<filename>H_5632_JPG.rf.bc7ae67aace9cb7ba11d83ff727ae624.jpg</filename>
	<path>H_5632_JPG.rf.bc7ae67aace9cb7ba11d83ff727ae624.jpg</path>
	<source>
		<database>roboflow.ai</database>
	</source>
	<size>
		<width>416</width>
		<height>416</height>
		<depth>3</depth>
	</size>
	<segmented>0</segmented>
	<object>
		<name>H</name>
		<pose>Unspecified</pose>
		<truncated>0</truncated>
		<difficult>0</difficult>
		<occluded>0</occluded>
		<bndbox>
			<xmin>167</xmin>
			<xmax>293</xmax>
			<ymin>279</ymin>
			<ymax>326</ymax>
		</bndbox>
	</object>
</annotation>
