<annotation>
	<folder></folder>
	<filename>H_5644_JPG.rf.aad829ccd763d4e0e9d0f14ec4f84e61.jpg</filename>
	<path>H_5644_JPG.rf.aad829ccd763d4e0e9d0f14ec4f84e61.jpg</path>
	<source>
		<database>roboflow.ai</database>
	</source>
	<size>
		<width>416</width>
		<height>416</height>
		<depth>3</depth>
	</size>
	<segmented>0</segmented>
	<object>
		<name>H</name>
		<pose>Unspecified</pose>
		<truncated>0</truncated>
		<difficult>0</difficult>
		<occluded>0</occluded>
		<bndbox>
			<xmin>100</xmin>
			<xmax>242</xmax>
			<ymin>265</ymin>
			<ymax>312</ymax>
		</bndbox>
	</object>
</annotation>
