<annotation>
	<folder></folder>
	<filename>H_5788_jpg.rf.6e8054c454775c95498d0b702f75d19b.jpg</filename>
	<path>H_5788_jpg.rf.6e8054c454775c95498d0b702f75d19b.jpg</path>
	<source>
		<database>roboflow.ai</database>
	</source>
	<size>
		<width>416</width>
		<height>416</height>
		<depth>3</depth>
	</size>
	<segmented>0</segmented>
	<object>
		<name>H</name>
		<pose>Unspecified</pose>
		<truncated>0</truncated>
		<difficult>0</difficult>
		<occluded>0</occluded>
		<bndbox>
			<xmin>161</xmin>
			<xmax>417</xmax>
			<ymin>246</ymin>
			<ymax>377</ymax>
		</bndbox>
	</object>
</annotation>
