<annotation>
	<folder></folder>
	<filename>H_5740_JPG.rf.7dfb0e3fe43567d8bd0371d1a6d23086.jpg</filename>
	<path>H_5740_JPG.rf.7dfb0e3fe43567d8bd0371d1a6d23086.jpg</path>
	<source>
		<database>roboflow.ai</database>
	</source>
	<size>
		<width>416</width>
		<height>416</height>
		<depth>3</depth>
	</size>
	<segmented>0</segmented>
	<object>
		<name>H</name>
		<pose>Unspecified</pose>
		<truncated>0</truncated>
		<difficult>0</difficult>
		<occluded>0</occluded>
		<bndbox>
			<xmin>147</xmin>
			<xmax>325</xmax>
			<ymin>185</ymin>
			<ymax>229</ymax>
		</bndbox>
	</object>
</annotation>
