<annotation>
	<folder></folder>
	<filename>H_5776_jpg.rf.6bf3ed61ee38d46bfa6162e3d0d42fff.jpg</filename>
	<path>H_5776_jpg.rf.6bf3ed61ee38d46bfa6162e3d0d42fff.jpg</path>
	<source>
		<database>roboflow.ai</database>
	</source>
	<size>
		<width>416</width>
		<height>416</height>
		<depth>3</depth>
	</size>
	<segmented>0</segmented>
	<object>
		<name>H</name>
		<pose>Unspecified</pose>
		<truncated>0</truncated>
		<difficult>0</difficult>
		<occluded>0</occluded>
		<bndbox>
			<xmin>1</xmin>
			<xmax>373</xmax>
			<ymin>149</ymin>
			<ymax>267</ymax>
		</bndbox>
	</object>
</annotation>
