<annotation>
	<folder></folder>
	<filename>H_5716_JPG.rf.09a5e3aba91b140eefce1c5d0911c155.jpg</filename>
	<path>H_5716_JPG.rf.09a5e3aba91b140eefce1c5d0911c155.jpg</path>
	<source>
		<database>roboflow.ai</database>
	</source>
	<size>
		<width>416</width>
		<height>416</height>
		<depth>3</depth>
	</size>
	<segmented>0</segmented>
	<object>
		<name>H</name>
		<pose>Unspecified</pose>
		<truncated>0</truncated>
		<difficult>0</difficult>
		<occluded>0</occluded>
		<bndbox>
			<xmin>65</xmin>
			<xmax>218</xmax>
			<ymin>270</ymin>
			<ymax>313</ymax>
		</bndbox>
	</object>
</annotation>
