<annotation>
	<folder></folder>
	<filename>H_5764_jpg.rf.318cf03bd52e428ee86ce00c09bf4129.jpg</filename>
	<path>H_5764_jpg.rf.318cf03bd52e428ee86ce00c09bf4129.jpg</path>
	<source>
		<database>roboflow.ai</database>
	</source>
	<size>
		<width>416</width>
		<height>416</height>
		<depth>3</depth>
	</size>
	<segmented>0</segmented>
	<object>
		<name>H</name>
		<pose>Unspecified</pose>
		<truncated>0</truncated>
		<difficult>0</difficult>
		<occluded>0</occluded>
		<bndbox>
			<xmin>159</xmin>
			<xmax>416</xmax>
			<ymin>210</ymin>
			<ymax>309</ymax>
		</bndbox>
	</object>
</annotation>
