<annotation>
	<folder></folder>
	<filename>H_5728_JPG.rf.44c72804b97b0e73e89254b157757981.jpg</filename>
	<path>H_5728_JPG.rf.44c72804b97b0e73e89254b157757981.jpg</path>
	<source>
		<database>roboflow.ai</database>
	</source>
	<size>
		<width>416</width>
		<height>416</height>
		<depth>3</depth>
	</size>
	<segmented>0</segmented>
	<object>
		<name>H</name>
		<pose>Unspecified</pose>
		<truncated>0</truncated>
		<difficult>0</difficult>
		<occluded>0</occluded>
		<bndbox>
			<xmin>138</xmin>
			<xmax>312</xmax>
			<ymin>271</ymin>
			<ymax>311</ymax>
		</bndbox>
	</object>
</annotation>
