<annotation>
	<folder></folder>
	<filename>H_5704_JPG.rf.551ab43574292359de045af5b0463e7f.jpg</filename>
	<path>H_5704_JPG.rf.551ab43574292359de045af5b0463e7f.jpg</path>
	<source>
		<database>roboflow.ai</database>
	</source>
	<size>
		<width>416</width>
		<height>416</height>
		<depth>3</depth>
	</size>
	<segmented>0</segmented>
	<object>
		<name>H</name>
		<pose>Unspecified</pose>
		<truncated>0</truncated>
		<difficult>0</difficult>
		<occluded>0</occluded>
		<bndbox>
			<xmin>42</xmin>
			<xmax>223</xmax>
			<ymin>177</ymin>
			<ymax>229</ymax>
		</bndbox>
	</object>
</annotation>
