<annotation>
	<folder></folder>
	<filename>H_5860_JPG.rf.14516d1fa79bf3c00425353b7c6bedc1.jpg</filename>
	<path>H_5860_JPG.rf.14516d1fa79bf3c00425353b7c6bedc1.jpg</path>
	<source>
		<database>roboflow.ai</database>
	</source>
	<size>
		<width>416</width>
		<height>416</height>
		<depth>3</depth>
	</size>
	<segmented>0</segmented>
	<object>
		<name>H</name>
		<pose>Unspecified</pose>
		<truncated>0</truncated>
		<difficult>0</difficult>
		<occluded>0</occluded>
		<bndbox>
			<xmin>29</xmin>
			<xmax>187</xmax>
			<ymin>216</ymin>
			<ymax>266</ymax>
		</bndbox>
	</object>
</annotation>
