<annotation>
	<folder></folder>
	<filename>H_5800_jpg.rf.12a6687769de79984b490499a9f143c9.jpg</filename>
	<path>H_5800_jpg.rf.12a6687769de79984b490499a9f143c9.jpg</path>
	<source>
		<database>roboflow.ai</database>
	</source>
	<size>
		<width>416</width>
		<height>416</height>
		<depth>3</depth>
	</size>
	<segmented>0</segmented>
	<object>
		<name>H</name>
		<pose>Unspecified</pose>
		<truncated>0</truncated>
		<difficult>0</difficult>
		<occluded>0</occluded>
		<bndbox>
			<xmin>168</xmin>
			<xmax>416</xmax>
			<ymin>7</ymin>
			<ymax>255</ymax>
		</bndbox>
	</object>
</annotation>
