<annotation>
	<folder></folder>
	<filename>H_5848_JPG.rf.a8498a89c73f15abbfa0f6c0126d498d.jpg</filename>
	<path>H_5848_JPG.rf.a8498a89c73f15abbfa0f6c0126d498d.jpg</path>
	<source>
		<database>roboflow.ai</database>
	</source>
	<size>
		<width>416</width>
		<height>416</height>
		<depth>3</depth>
	</size>
	<segmented>0</segmented>
	<object>
		<name>H</name>
		<pose>Unspecified</pose>
		<truncated>0</truncated>
		<difficult>0</difficult>
		<occluded>0</occluded>
		<bndbox>
			<xmin>218</xmin>
			<xmax>375</xmax>
			<ymin>226</ymin>
			<ymax>273</ymax>
		</bndbox>
	</object>
</annotation>
