<annotation>
	<folder></folder>
	<filename>H_5824_JPG.rf.27f62a3e4d06fa883f7b3f983cf9b240.jpg</filename>
	<path>H_5824_JPG.rf.27f62a3e4d06fa883f7b3f983cf9b240.jpg</path>
	<source>
		<database>roboflow.ai</database>
	</source>
	<size>
		<width>416</width>
		<height>416</height>
		<depth>3</depth>
	</size>
	<segmented>0</segmented>
	<object>
		<name>H</name>
		<pose>Unspecified</pose>
		<truncated>0</truncated>
		<difficult>0</difficult>
		<occluded>0</occluded>
		<bndbox>
			<xmin>207</xmin>
			<xmax>417</xmax>
			<ymin>188</ymin>
			<ymax>243</ymax>
		</bndbox>
	</object>
</annotation>
