<annotation>
	<folder></folder>
	<filename>H_5884_JPG.rf.cc15f4816a7df1b2aaacb6468f7f50d5.jpg</filename>
	<path>H_5884_JPG.rf.cc15f4816a7df1b2aaacb6468f7f50d5.jpg</path>
	<source>
		<database>roboflow.ai</database>
	</source>
	<size>
		<width>416</width>
		<height>416</height>
		<depth>3</depth>
	</size>
	<segmented>0</segmented>
	<object>
		<name>H</name>
		<pose>Unspecified</pose>
		<truncated>0</truncated>
		<difficult>0</difficult>
		<occluded>0</occluded>
		<bndbox>
			<xmin>110</xmin>
			<xmax>265</xmax>
			<ymin>193</ymin>
			<ymax>243</ymax>
		</bndbox>
	</object>
</annotation>
