<annotation>
	<folder></folder>
	<filename>H_5896_JPG.rf.7b370494a1d2890f98102aa2ffcf3000.jpg</filename>
	<path>H_5896_JPG.rf.7b370494a1d2890f98102aa2ffcf3000.jpg</path>
	<source>
		<database>roboflow.ai</database>
	</source>
	<size>
		<width>416</width>
		<height>416</height>
		<depth>3</depth>
	</size>
	<segmented>0</segmented>
	<object>
		<name>H</name>
		<pose>Unspecified</pose>
		<truncated>0</truncated>
		<difficult>0</difficult>
		<occluded>0</occluded>
		<bndbox>
			<xmin>187</xmin>
			<xmax>332</xmax>
			<ymin>201</ymin>
			<ymax>247</ymax>
		</bndbox>
	</object>
</annotation>
