<annotation>
	<folder></folder>
	<filename>H_5836_JPG.rf.cc8559ddf523935c80dbb56c2dea7ad1.jpg</filename>
	<path>H_5836_JPG.rf.cc8559ddf523935c80dbb56c2dea7ad1.jpg</path>
	<source>
		<database>roboflow.ai</database>
	</source>
	<size>
		<width>416</width>
		<height>416</height>
		<depth>3</depth>
	</size>
	<segmented>0</segmented>
	<object>
		<name>H</name>
		<pose>Unspecified</pose>
		<truncated>0</truncated>
		<difficult>0</difficult>
		<occluded>0</occluded>
		<bndbox>
			<xmin>35</xmin>
			<xmax>206</xmax>
			<ymin>171</ymin>
			<ymax>218</ymax>
		</bndbox>
	</object>
</annotation>
