<annotation>
	<folder></folder>
	<filename>H_5812_jpg.rf.5d6ac543ace9aad129f810cf47855fd8.jpg</filename>
	<path>H_5812_jpg.rf.5d6ac543ace9aad129f810cf47855fd8.jpg</path>
	<source>
		<database>roboflow.ai</database>
	</source>
	<size>
		<width>416</width>
		<height>416</height>
		<depth>3</depth>
	</size>
	<segmented>0</segmented>
	<object>
		<name>H</name>
		<pose>Unspecified</pose>
		<truncated>0</truncated>
		<difficult>0</difficult>
		<occluded>0</occluded>
		<bndbox>
			<xmin>1</xmin>
			<xmax>376</xmax>
			<ymin>125</ymin>
			<ymax>272</ymax>
		</bndbox>
	</object>
</annotation>
