<annotation>
	<folder></folder>
	<filename>H_5920_JPG.rf.12ee65a5a00cdf39fed67f15c973546d.jpg</filename>
	<path>H_5920_JPG.rf.12ee65a5a00cdf39fed67f15c973546d.jpg</path>
	<source>
		<database>roboflow.ai</database>
	</source>
	<size>
		<width>416</width>
		<height>416</height>
		<depth>3</depth>
	</size>
	<segmented>0</segmented>
	<object>
		<name>H</name>
		<pose>Unspecified</pose>
		<truncated>0</truncated>
		<difficult>0</difficult>
		<occluded>0</occluded>
		<bndbox>
			<xmin>215</xmin>
			<xmax>375</xmax>
			<ymin>204</ymin>
			<ymax>249</ymax>
		</bndbox>
	</object>
</annotation>
