<annotation>
	<folder></folder>
	<filename>H_5992_jpeg.rf.d116e54a5a8fdc625b677bd611e14348.jpg</filename>
	<path>H_5992_jpeg.rf.d116e54a5a8fdc625b677bd611e14348.jpg</path>
	<source>
		<database>roboflow.ai</database>
	</source>
	<size>
		<width>416</width>
		<height>416</height>
		<depth>3</depth>
	</size>
	<segmented>0</segmented>
	<object>
		<name>H</name>
		<pose>Unspecified</pose>
		<truncated>0</truncated>
		<difficult>0</difficult>
		<occluded>0</occluded>
		<bndbox>
			<xmin>64</xmin>
			<xmax>384</xmax>
			<ymin>233</ymin>
			<ymax>369</ymax>
		</bndbox>
	</object>
</annotation>
