<annotation>
	<folder></folder>
	<filename>H_5956_JPG.rf.727b0aa60ff66aba2c41cd593f5bec25.jpg</filename>
	<path>H_5956_JPG.rf.727b0aa60ff66aba2c41cd593f5bec25.jpg</path>
	<source>
		<database>roboflow.ai</database>
	</source>
	<size>
		<width>416</width>
		<height>416</height>
		<depth>3</depth>
	</size>
	<segmented>0</segmented>
	<object>
		<name>H</name>
		<pose>Unspecified</pose>
		<truncated>0</truncated>
		<difficult>0</difficult>
		<occluded>0</occluded>
		<bndbox>
			<xmin>223</xmin>
			<xmax>336</xmax>
			<ymin>208</ymin>
			<ymax>246</ymax>
		</bndbox>
	</object>
</annotation>
