<annotation>
	<folder></folder>
	<filename>H_5980_jpeg.rf.92e9504dbc5b2de84b7e293bb24b3468.jpg</filename>
	<path>H_5980_jpeg.rf.92e9504dbc5b2de84b7e293bb24b3468.jpg</path>
	<source>
		<database>roboflow.ai</database>
	</source>
	<size>
		<width>416</width>
		<height>416</height>
		<depth>3</depth>
	</size>
	<segmented>0</segmented>
	<object>
		<name>H</name>
		<pose>Unspecified</pose>
		<truncated>0</truncated>
		<difficult>0</difficult>
		<occluded>0</occluded>
		<bndbox>
			<xmin>99</xmin>
			<xmax>255</xmax>
			<ymin>160</ymin>
			<ymax>222</ymax>
		</bndbox>
	</object>
</annotation>
