<annotation>
	<folder></folder>
	<filename>H_5968_jpg.rf.ada93dd3aef22b77bda273c40340f4ff.jpg</filename>
	<path>H_5968_jpg.rf.ada93dd3aef22b77bda273c40340f4ff.jpg</path>
	<source>
		<database>roboflow.ai</database>
	</source>
	<size>
		<width>416</width>
		<height>416</height>
		<depth>3</depth>
	</size>
	<segmented>0</segmented>
	<object>
		<name>H</name>
		<pose>Unspecified</pose>
		<truncated>0</truncated>
		<difficult>0</difficult>
		<occluded>0</occluded>
		<bndbox>
			<xmin>1</xmin>
			<xmax>367</xmax>
			<ymin>215</ymin>
			<ymax>372</ymax>
		</bndbox>
	</object>
</annotation>
