<annotation>
	<folder></folder>
	<filename>H_5944_JPG.rf.79e390c61eb70234d5ca29ac05575d45.jpg</filename>
	<path>H_5944_JPG.rf.79e390c61eb70234d5ca29ac05575d45.jpg</path>
	<source>
		<database>roboflow.ai</database>
	</source>
	<size>
		<width>416</width>
		<height>416</height>
		<depth>3</depth>
	</size>
	<segmented>0</segmented>
	<object>
		<name>H</name>
		<pose>Unspecified</pose>
		<truncated>0</truncated>
		<difficult>0</difficult>
		<occluded>0</occluded>
		<bndbox>
			<xmin>138</xmin>
			<xmax>274</xmax>
			<ymin>210</ymin>
			<ymax>250</ymax>
		</bndbox>
	</object>
</annotation>
