<annotation>
	<folder></folder>
	<filename>H_5932_JPG.rf.4caa5839e81a18421b778125fd8680e2.jpg</filename>
	<path>H_5932_JPG.rf.4caa5839e81a18421b778125fd8680e2.jpg</path>
	<source>
		<database>roboflow.ai</database>
	</source>
	<size>
		<width>416</width>
		<height>416</height>
		<depth>3</depth>
	</size>
	<segmented>0</segmented>
	<object>
		<name>H</name>
		<pose>Unspecified</pose>
		<truncated>0</truncated>
		<difficult>0</difficult>
		<occluded>0</occluded>
		<bndbox>
			<xmin>73</xmin>
			<xmax>228</xmax>
			<ymin>213</ymin>
			<ymax>254</ymax>
		</bndbox>
	</object>
</annotation>
