<annotation>
	<folder></folder>
	<filename>H_5908_JPG.rf.01d7f2195bf09077c69d75d93709cd84.jpg</filename>
	<path>H_5908_JPG.rf.01d7f2195bf09077c69d75d93709cd84.jpg</path>
	<source>
		<database>roboflow.ai</database>
	</source>
	<size>
		<width>416</width>
		<height>416</height>
		<depth>3</depth>
	</size>
	<segmented>0</segmented>
	<object>
		<name>H</name>
		<pose>Unspecified</pose>
		<truncated>0</truncated>
		<difficult>0</difficult>
		<occluded>0</occluded>
		<bndbox>
			<xmin>104</xmin>
			<xmax>245</xmax>
			<ymin>235</ymin>
			<ymax>275</ymax>
		</bndbox>
	</object>
</annotation>
