<annotation>
	<folder></folder>
	<filename>H_6052_jpeg.rf.7a52443776ee171ff8a0beb8fc6ad5c6.jpg</filename>
	<path>H_6052_jpeg.rf.7a52443776ee171ff8a0beb8fc6ad5c6.jpg</path>
	<source>
		<database>roboflow.ai</database>
	</source>
	<size>
		<width>416</width>
		<height>416</height>
		<depth>3</depth>
	</size>
	<segmented>0</segmented>
	<object>
		<name>H</name>
		<pose>Unspecified</pose>
		<truncated>0</truncated>
		<difficult>0</difficult>
		<occluded>0</occluded>
		<bndbox>
			<xmin>1</xmin>
			<xmax>339</xmax>
			<ymin>239</ymin>
			<ymax>416</ymax>
		</bndbox>
	</object>
</annotation>
