<annotation>
	<folder></folder>
	<filename>H_6028_jpeg.rf.a5e7a48387af33acbfb4b218546716ef.jpg</filename>
	<path>H_6028_jpeg.rf.a5e7a48387af33acbfb4b218546716ef.jpg</path>
	<source>
		<database>roboflow.ai</database>
	</source>
	<size>
		<width>416</width>
		<height>416</height>
		<depth>3</depth>
	</size>
	<segmented>0</segmented>
	<object>
		<name>H</name>
		<pose>Unspecified</pose>
		<truncated>0</truncated>
		<difficult>0</difficult>
		<occluded>0</occluded>
		<bndbox>
			<xmin>1</xmin>
			<xmax>233</xmax>
			<ymin>176</ymin>
			<ymax>356</ymax>
		</bndbox>
	</object>
</annotation>
