<annotation>
	<folder></folder>
	<filename>H_6064_JPG.rf.ef47c848ff95e62650d263911dc1b7ad.jpg</filename>
	<path>H_6064_JPG.rf.ef47c848ff95e62650d263911dc1b7ad.jpg</path>
	<source>
		<database>roboflow.ai</database>
	</source>
	<size>
		<width>416</width>
		<height>416</height>
		<depth>3</depth>
	</size>
	<segmented>0</segmented>
	<object>
		<name>H</name>
		<pose>Unspecified</pose>
		<truncated>0</truncated>
		<difficult>0</difficult>
		<occluded>0</occluded>
		<bndbox>
			<xmin>76</xmin>
			<xmax>225</xmax>
			<ymin>218</ymin>
			<ymax>261</ymax>
		</bndbox>
	</object>
</annotation>
