<annotation>
	<folder></folder>
	<filename>H_6004_jpeg.rf.3c3d27ba03bf7e4eef7de348ca99d00c.jpg</filename>
	<path>H_6004_jpeg.rf.3c3d27ba03bf7e4eef7de348ca99d00c.jpg</path>
	<source>
		<database>roboflow.ai</database>
	</source>
	<size>
		<width>416</width>
		<height>416</height>
		<depth>3</depth>
	</size>
	<segmented>0</segmented>
	<object>
		<name>H</name>
		<pose>Unspecified</pose>
		<truncated>0</truncated>
		<difficult>0</difficult>
		<occluded>0</occluded>
		<bndbox>
			<xmin>1</xmin>
			<xmax>251</xmax>
			<ymin>227</ymin>
			<ymax>374</ymax>
		</bndbox>
	</object>
</annotation>
