<annotation>
	<folder></folder>
	<filename>H_6016_jpeg.rf.3fde9eaa92a959d8205d3759f500c700.jpg</filename>
	<path>H_6016_jpeg.rf.3fde9eaa92a959d8205d3759f500c700.jpg</path>
	<source>
		<database>roboflow.ai</database>
	</source>
	<size>
		<width>416</width>
		<height>416</height>
		<depth>3</depth>
	</size>
	<segmented>0</segmented>
	<object>
		<name>H</name>
		<pose>Unspecified</pose>
		<truncated>0</truncated>
		<difficult>0</difficult>
		<occluded>0</occluded>
		<bndbox>
			<xmin>1</xmin>
			<xmax>218</xmax>
			<ymin>178</ymin>
			<ymax>346</ymax>
		</bndbox>
	</object>
</annotation>
