<annotation>
	<folder></folder>
	<filename>H_6076_JPG.rf.8e6e8306509df7421599e2354c1202ff.jpg</filename>
	<path>H_6076_JPG.rf.8e6e8306509df7421599e2354c1202ff.jpg</path>
	<source>
		<database>roboflow.ai</database>
	</source>
	<size>
		<width>416</width>
		<height>416</height>
		<depth>3</depth>
	</size>
	<segmented>0</segmented>
	<object>
		<name>H</name>
		<pose>Unspecified</pose>
		<truncated>0</truncated>
		<difficult>0</difficult>
		<occluded>0</occluded>
		<bndbox>
			<xmin>170</xmin>
			<xmax>323</xmax>
			<ymin>216</ymin>
			<ymax>258</ymax>
		</bndbox>
	</object>
</annotation>
