<annotation>
	<folder></folder>
	<filename>H_6088_JPG.rf.66a5368f1f3c5a3d147b460426f13d21.jpg</filename>
	<path>H_6088_JPG.rf.66a5368f1f3c5a3d147b460426f13d21.jpg</path>
	<source>
		<database>roboflow.ai</database>
	</source>
	<size>
		<width>416</width>
		<height>416</height>
		<depth>3</depth>
	</size>
	<segmented>0</segmented>
	<object>
		<name>H</name>
		<pose>Unspecified</pose>
		<truncated>0</truncated>
		<difficult>0</difficult>
		<occluded>0</occluded>
		<bndbox>
			<xmin>90</xmin>
			<xmax>243</xmax>
			<ymin>257</ymin>
			<ymax>299</ymax>
		</bndbox>
	</object>
</annotation>
