<annotation>
	<folder></folder>
	<filename>H_6040_jpeg.rf.f50a5bd12f94e25aad5268e1b20ade81.jpg</filename>
	<path>H_6040_jpeg.rf.f50a5bd12f94e25aad5268e1b20ade81.jpg</path>
	<source>
		<database>roboflow.ai</database>
	</source>
	<size>
		<width>416</width>
		<height>416</height>
		<depth>3</depth>
	</size>
	<segmented>0</segmented>
	<object>
		<name>H</name>
		<pose>Unspecified</pose>
		<truncated>0</truncated>
		<difficult>0</difficult>
		<occluded>0</occluded>
		<bndbox>
			<xmin>1</xmin>
			<xmax>315</xmax>
			<ymin>290</ymin>
			<ymax>403</ymax>
		</bndbox>
	</object>
</annotation>
