<annotation>
	<folder></folder>
	<filename>I_6172_JPG.rf.9e4ef6c56b0ca6f03fee972f8d80f453.jpg</filename>
	<path>I_6172_JPG.rf.9e4ef6c56b0ca6f03fee972f8d80f453.jpg</path>
	<source>
		<database>roboflow.ai</database>
	</source>
	<size>
		<width>416</width>
		<height>416</height>
		<depth>3</depth>
	</size>
	<segmented>0</segmented>
	<object>
		<name>I</name>
		<pose>Unspecified</pose>
		<truncated>0</truncated>
		<difficult>0</difficult>
		<occluded>0</occluded>
		<bndbox>
			<xmin>202</xmin>
			<xmax>284</xmax>
			<ymin>195</ymin>
			<ymax>257</ymax>
		</bndbox>
	</object>
</annotation>
