<annotation>
	<folder></folder>
	<filename>I_6100_jpg.rf.f829e26e4ef99c1fc6c7e4d022c9535b.jpg</filename>
	<path>I_6100_jpg.rf.f829e26e4ef99c1fc6c7e4d022c9535b.jpg</path>
	<source>
		<database>roboflow.ai</database>
	</source>
	<size>
		<width>416</width>
		<height>416</height>
		<depth>3</depth>
	</size>
	<segmented>0</segmented>
	<object>
		<name>I</name>
		<pose>Unspecified</pose>
		<truncated>0</truncated>
		<difficult>0</difficult>
		<occluded>0</occluded>
		<bndbox>
			<xmin>154</xmin>
			<xmax>330</xmax>
			<ymin>74</ymin>
			<ymax>301</ymax>
		</bndbox>
	</object>
</annotation>
