<annotation>
	<folder></folder>
	<filename>I_6160_JPG.rf.5c54de033e151eb907d5a8ad3be75f5a.jpg</filename>
	<path>I_6160_JPG.rf.5c54de033e151eb907d5a8ad3be75f5a.jpg</path>
	<source>
		<database>roboflow.ai</database>
	</source>
	<size>
		<width>416</width>
		<height>416</height>
		<depth>3</depth>
	</size>
	<segmented>0</segmented>
	<object>
		<name>I</name>
		<pose>Unspecified</pose>
		<truncated>0</truncated>
		<difficult>0</difficult>
		<occluded>0</occluded>
		<bndbox>
			<xmin>64</xmin>
			<xmax>159</xmax>
			<ymin>194</ymin>
			<ymax>271</ymax>
		</bndbox>
	</object>
</annotation>
