<annotation>
	<folder></folder>
	<filename>I_6148_JPG.rf.fb8246187bb2d90e03d0987e19799dd4.jpg</filename>
	<path>I_6148_JPG.rf.fb8246187bb2d90e03d0987e19799dd4.jpg</path>
	<source>
		<database>roboflow.ai</database>
	</source>
	<size>
		<width>416</width>
		<height>416</height>
		<depth>3</depth>
	</size>
	<segmented>0</segmented>
	<object>
		<name>I</name>
		<pose>Unspecified</pose>
		<truncated>0</truncated>
		<difficult>0</difficult>
		<occluded>0</occluded>
		<bndbox>
			<xmin>315</xmin>
			<xmax>362</xmax>
			<ymin>198</ymin>
			<ymax>249</ymax>
		</bndbox>
	</object>
</annotation>
