<annotation>
	<folder></folder>
	<filename>I_6184_JPG.rf.d098c6ebe7ad7f4799e868c9d5ebf105.jpg</filename>
	<path>I_6184_JPG.rf.d098c6ebe7ad7f4799e868c9d5ebf105.jpg</path>
	<source>
		<database>roboflow.ai</database>
	</source>
	<size>
		<width>416</width>
		<height>416</height>
		<depth>3</depth>
	</size>
	<segmented>0</segmented>
	<object>
		<name>I</name>
		<pose>Unspecified</pose>
		<truncated>0</truncated>
		<difficult>0</difficult>
		<occluded>0</occluded>
		<bndbox>
			<xmin>213</xmin>
			<xmax>303</xmax>
			<ymin>150</ymin>
			<ymax>220</ymax>
		</bndbox>
	</object>
</annotation>
