<annotation>
	<folder></folder>
	<filename>I_6136_JPG.rf.37f31947df5bf2b1c6ae00b4da3f9922.jpg</filename>
	<path>I_6136_JPG.rf.37f31947df5bf2b1c6ae00b4da3f9922.jpg</path>
	<source>
		<database>roboflow.ai</database>
	</source>
	<size>
		<width>416</width>
		<height>416</height>
		<depth>3</depth>
	</size>
	<segmented>0</segmented>
	<object>
		<name>I</name>
		<pose>Unspecified</pose>
		<truncated>0</truncated>
		<difficult>0</difficult>
		<occluded>0</occluded>
		<bndbox>
			<xmin>87</xmin>
			<xmax>158</xmax>
			<ymin>195</ymin>
			<ymax>250</ymax>
		</bndbox>
	</object>
</annotation>
