<annotation>
	<folder></folder>
	<filename>I_6124_JPG.rf.d91f4ab2f1c77a6c7a9ea347832efdd5.jpg</filename>
	<path>I_6124_JPG.rf.d91f4ab2f1c77a6c7a9ea347832efdd5.jpg</path>
	<source>
		<database>roboflow.ai</database>
	</source>
	<size>
		<width>416</width>
		<height>416</height>
		<depth>3</depth>
	</size>
	<segmented>0</segmented>
	<object>
		<name>I</name>
		<pose>Unspecified</pose>
		<truncated>0</truncated>
		<difficult>0</difficult>
		<occluded>0</occluded>
		<bndbox>
			<xmin>272</xmin>
			<xmax>336</xmax>
			<ymin>191</ymin>
			<ymax>235</ymax>
		</bndbox>
	</object>
</annotation>
