<annotation>
	<folder></folder>
	<filename>I_6112_JPG.rf.cc5f89155f4e7a4a934cc178a247f8ee.jpg</filename>
	<path>I_6112_JPG.rf.cc5f89155f4e7a4a934cc178a247f8ee.jpg</path>
	<source>
		<database>roboflow.ai</database>
	</source>
	<size>
		<width>416</width>
		<height>416</height>
		<depth>3</depth>
	</size>
	<segmented>0</segmented>
	<object>
		<name>I</name>
		<pose>Unspecified</pose>
		<truncated>0</truncated>
		<difficult>0</difficult>
		<occluded>0</occluded>
		<bndbox>
			<xmin>95</xmin>
			<xmax>156</xmax>
			<ymin>184</ymin>
			<ymax>230</ymax>
		</bndbox>
	</object>
</annotation>
