<annotation>
	<folder></folder>
	<filename>I_6196_JPG.rf.6283be9cae99ab39c54d74bce09d8027.jpg</filename>
	<path>I_6196_JPG.rf.6283be9cae99ab39c54d74bce09d8027.jpg</path>
	<source>
		<database>roboflow.ai</database>
	</source>
	<size>
		<width>416</width>
		<height>416</height>
		<depth>3</depth>
	</size>
	<segmented>0</segmented>
	<object>
		<name>I</name>
		<pose>Unspecified</pose>
		<truncated>0</truncated>
		<difficult>0</difficult>
		<occluded>0</occluded>
		<bndbox>
			<xmin>130</xmin>
			<xmax>213</xmax>
			<ymin>163</ymin>
			<ymax>233</ymax>
		</bndbox>
	</object>
</annotation>
