<annotation>
	<folder></folder>
	<filename>I_6280_jpg.rf.e9627c230aee73242b11286a77f072ec.jpg</filename>
	<path>I_6280_jpg.rf.e9627c230aee73242b11286a77f072ec.jpg</path>
	<source>
		<database>roboflow.ai</database>
	</source>
	<size>
		<width>416</width>
		<height>416</height>
		<depth>3</depth>
	</size>
	<segmented>0</segmented>
	<object>
		<name>I</name>
		<pose>Unspecified</pose>
		<truncated>0</truncated>
		<difficult>0</difficult>
		<occluded>0</occluded>
		<bndbox>
			<xmin>243</xmin>
			<xmax>410</xmax>
			<ymin>91</ymin>
			<ymax>262</ymax>
		</bndbox>
	</object>
</annotation>
