<annotation>
	<folder></folder>
	<filename>I_6256_jpg.rf.05a6e676c1164eba75daaf8aaed07b0b.jpg</filename>
	<path>I_6256_jpg.rf.05a6e676c1164eba75daaf8aaed07b0b.jpg</path>
	<source>
		<database>roboflow.ai</database>
	</source>
	<size>
		<width>416</width>
		<height>416</height>
		<depth>3</depth>
	</size>
	<segmented>0</segmented>
	<object>
		<name>I</name>
		<pose>Unspecified</pose>
		<truncated>0</truncated>
		<difficult>0</difficult>
		<occluded>0</occluded>
		<bndbox>
			<xmin>100</xmin>
			<xmax>334</xmax>
			<ymin>139</ymin>
			<ymax>285</ymax>
		</bndbox>
	</object>
</annotation>
