<annotation>
	<folder></folder>
	<filename>I_6244_jpg.rf.41f27477ffd99d4f428280f955c44432.jpg</filename>
	<path>I_6244_jpg.rf.41f27477ffd99d4f428280f955c44432.jpg</path>
	<source>
		<database>roboflow.ai</database>
	</source>
	<size>
		<width>416</width>
		<height>416</height>
		<depth>3</depth>
	</size>
	<segmented>0</segmented>
	<object>
		<name>I</name>
		<pose>Unspecified</pose>
		<truncated>0</truncated>
		<difficult>0</difficult>
		<occluded>0</occluded>
		<bndbox>
			<xmin>74</xmin>
			<xmax>299</xmax>
			<ymin>101</ymin>
			<ymax>282</ymax>
		</bndbox>
	</object>
</annotation>
