<annotation>
	<folder></folder>
	<filename>I_6208_JPG.rf.d173a5b2418f454d4437087fa496f091.jpg</filename>
	<path>I_6208_JPG.rf.d173a5b2418f454d4437087fa496f091.jpg</path>
	<source>
		<database>roboflow.ai</database>
	</source>
	<size>
		<width>416</width>
		<height>416</height>
		<depth>3</depth>
	</size>
	<segmented>0</segmented>
	<object>
		<name>I</name>
		<pose>Unspecified</pose>
		<truncated>0</truncated>
		<difficult>0</difficult>
		<occluded>0</occluded>
		<bndbox>
			<xmin>89</xmin>
			<xmax>182</xmax>
			<ymin>233</ymin>
			<ymax>314</ymax>
		</bndbox>
	</object>
</annotation>
