<annotation>
	<folder></folder>
	<filename>I_6220_JPG.rf.0dc60260b69defc16c8ad96f69bbdc0f.jpg</filename>
	<path>I_6220_JPG.rf.0dc60260b69defc16c8ad96f69bbdc0f.jpg</path>
	<source>
		<database>roboflow.ai</database>
	</source>
	<size>
		<width>416</width>
		<height>416</height>
		<depth>3</depth>
	</size>
	<segmented>0</segmented>
	<object>
		<name>I</name>
		<pose>Unspecified</pose>
		<truncated>0</truncated>
		<difficult>0</difficult>
		<occluded>0</occluded>
		<bndbox>
			<xmin>184</xmin>
			<xmax>269</xmax>
			<ymin>220</ymin>
			<ymax>290</ymax>
		</bndbox>
	</object>
</annotation>
