<annotation>
	<folder></folder>
	<filename>I_6268_jpg.rf.bcafb77a97057d65be671b3e25a37aa6.jpg</filename>
	<path>I_6268_jpg.rf.bcafb77a97057d65be671b3e25a37aa6.jpg</path>
	<source>
		<database>roboflow.ai</database>
	</source>
	<size>
		<width>416</width>
		<height>416</height>
		<depth>3</depth>
	</size>
	<segmented>0</segmented>
	<object>
		<name>I</name>
		<pose>Unspecified</pose>
		<truncated>0</truncated>
		<difficult>0</difficult>
		<occluded>0</occluded>
		<bndbox>
			<xmin>157</xmin>
			<xmax>369</xmax>
			<ymin>86</ymin>
			<ymax>235</ymax>
		</bndbox>
	</object>
</annotation>
