<annotation>
	<folder></folder>
	<filename>I_6292_JPG.rf.95329ea251bc36879f3a39c5ad556af0.jpg</filename>
	<path>I_6292_JPG.rf.95329ea251bc36879f3a39c5ad556af0.jpg</path>
	<source>
		<database>roboflow.ai</database>
	</source>
	<size>
		<width>416</width>
		<height>416</height>
		<depth>3</depth>
	</size>
	<segmented>0</segmented>
	<object>
		<name>I</name>
		<pose>Unspecified</pose>
		<truncated>0</truncated>
		<difficult>0</difficult>
		<occluded>0</occluded>
		<bndbox>
			<xmin>91</xmin>
			<xmax>174</xmax>
			<ymin>206</ymin>
			<ymax>261</ymax>
		</bndbox>
	</object>
</annotation>
