<annotation>
	<folder></folder>
	<filename>I_6232_JPG.rf.c9e35770f76e6f861998ed7fcaae3938.jpg</filename>
	<path>I_6232_JPG.rf.c9e35770f76e6f861998ed7fcaae3938.jpg</path>
	<source>
		<database>roboflow.ai</database>
	</source>
	<size>
		<width>416</width>
		<height>416</height>
		<depth>3</depth>
	</size>
	<segmented>0</segmented>
	<object>
		<name>I</name>
		<pose>Unspecified</pose>
		<truncated>0</truncated>
		<difficult>0</difficult>
		<occluded>0</occluded>
		<bndbox>
			<xmin>191</xmin>
			<xmax>283</xmax>
			<ymin>138</ymin>
			<ymax>212</ymax>
		</bndbox>
	</object>
</annotation>
