<annotation>
	<folder></folder>
	<filename>I_6340_JPG.rf.a3e539c768820f5d1990b4548ab67948.jpg</filename>
	<path>I_6340_JPG.rf.a3e539c768820f5d1990b4548ab67948.jpg</path>
	<source>
		<database>roboflow.ai</database>
	</source>
	<size>
		<width>416</width>
		<height>416</height>
		<depth>3</depth>
	</size>
	<segmented>0</segmented>
	<object>
		<name>I</name>
		<pose>Unspecified</pose>
		<truncated>0</truncated>
		<difficult>0</difficult>
		<occluded>0</occluded>
		<bndbox>
			<xmin>126</xmin>
			<xmax>223</xmax>
			<ymin>233</ymin>
			<ymax>290</ymax>
		</bndbox>
	</object>
</annotation>
