<annotation>
	<folder></folder>
	<filename>I_6388_JPG.rf.86f49ad3148538c0b295a7ece5f22dc1.jpg</filename>
	<path>I_6388_JPG.rf.86f49ad3148538c0b295a7ece5f22dc1.jpg</path>
	<source>
		<database>roboflow.ai</database>
	</source>
	<size>
		<width>416</width>
		<height>416</height>
		<depth>3</depth>
	</size>
	<segmented>0</segmented>
	<object>
		<name>I</name>
		<pose>Unspecified</pose>
		<truncated>0</truncated>
		<difficult>0</difficult>
		<occluded>0</occluded>
		<bndbox>
			<xmin>128</xmin>
			<xmax>210</xmax>
			<ymin>237</ymin>
			<ymax>305</ymax>
		</bndbox>
	</object>
</annotation>
