<annotation>
	<folder></folder>
	<filename>I_6304_JPG.rf.2f239e501ec0302fa5988f99b7956f31.jpg</filename>
	<path>I_6304_JPG.rf.2f239e501ec0302fa5988f99b7956f31.jpg</path>
	<source>
		<database>roboflow.ai</database>
	</source>
	<size>
		<width>416</width>
		<height>416</height>
		<depth>3</depth>
	</size>
	<segmented>0</segmented>
	<object>
		<name>I</name>
		<pose>Unspecified</pose>
		<truncated>0</truncated>
		<difficult>0</difficult>
		<occluded>0</occluded>
		<bndbox>
			<xmin>250</xmin>
			<xmax>325</xmax>
			<ymin>200</ymin>
			<ymax>256</ymax>
		</bndbox>
	</object>
</annotation>
