<annotation>
	<folder></folder>
	<filename>I_6328_JPG.rf.3d336546341d878440d8a8d51476ada9.jpg</filename>
	<path>I_6328_JPG.rf.3d336546341d878440d8a8d51476ada9.jpg</path>
	<source>
		<database>roboflow.ai</database>
	</source>
	<size>
		<width>416</width>
		<height>416</height>
		<depth>3</depth>
	</size>
	<segmented>0</segmented>
	<object>
		<name>I</name>
		<pose>Unspecified</pose>
		<truncated>0</truncated>
		<difficult>0</difficult>
		<occluded>0</occluded>
		<bndbox>
			<xmin>214</xmin>
			<xmax>292</xmax>
			<ymin>195</ymin>
			<ymax>267</ymax>
		</bndbox>
	</object>
</annotation>
