<annotation>
	<folder></folder>
	<filename>I_6376_JPG.rf.86d8f9d44d7215954148e54eb7f36f18.jpg</filename>
	<path>I_6376_JPG.rf.86d8f9d44d7215954148e54eb7f36f18.jpg</path>
	<source>
		<database>roboflow.ai</database>
	</source>
	<size>
		<width>416</width>
		<height>416</height>
		<depth>3</depth>
	</size>
	<segmented>0</segmented>
	<object>
		<name>I</name>
		<pose>Unspecified</pose>
		<truncated>0</truncated>
		<difficult>0</difficult>
		<occluded>0</occluded>
		<bndbox>
			<xmin>199</xmin>
			<xmax>288</xmax>
			<ymin>211</ymin>
			<ymax>281</ymax>
		</bndbox>
	</object>
</annotation>
