<annotation>
	<folder></folder>
	<filename>I_6364_JPG.rf.a0c1cfd4347f87dc24b9bc3b1908bec5.jpg</filename>
	<path>I_6364_JPG.rf.a0c1cfd4347f87dc24b9bc3b1908bec5.jpg</path>
	<source>
		<database>roboflow.ai</database>
	</source>
	<size>
		<width>416</width>
		<height>416</height>
		<depth>3</depth>
	</size>
	<segmented>0</segmented>
	<object>
		<name>I</name>
		<pose>Unspecified</pose>
		<truncated>0</truncated>
		<difficult>0</difficult>
		<occluded>0</occluded>
		<bndbox>
			<xmin>98</xmin>
			<xmax>192</xmax>
			<ymin>227</ymin>
			<ymax>280</ymax>
		</bndbox>
	</object>
</annotation>
