<annotation>
	<folder></folder>
	<filename>I_6316_JPG.rf.fe64560eb71edc7b7b1d3ea640bc2305.jpg</filename>
	<path>I_6316_JPG.rf.fe64560eb71edc7b7b1d3ea640bc2305.jpg</path>
	<source>
		<database>roboflow.ai</database>
	</source>
	<size>
		<width>416</width>
		<height>416</height>
		<depth>3</depth>
	</size>
	<segmented>0</segmented>
	<object>
		<name>I</name>
		<pose>Unspecified</pose>
		<truncated>0</truncated>
		<difficult>0</difficult>
		<occluded>0</occluded>
		<bndbox>
			<xmin>104</xmin>
			<xmax>196</xmax>
			<ymin>210</ymin>
			<ymax>272</ymax>
		</bndbox>
	</object>
</annotation>
