<annotation>
	<folder></folder>
	<filename>I_6352_JPG.rf.37b29b0fd0e969cb4ce1f331cddf534a.jpg</filename>
	<path>I_6352_JPG.rf.37b29b0fd0e969cb4ce1f331cddf534a.jpg</path>
	<source>
		<database>roboflow.ai</database>
	</source>
	<size>
		<width>416</width>
		<height>416</height>
		<depth>3</depth>
	</size>
	<segmented>0</segmented>
	<object>
		<name>I</name>
		<pose>Unspecified</pose>
		<truncated>0</truncated>
		<difficult>0</difficult>
		<occluded>0</occluded>
		<bndbox>
			<xmin>187</xmin>
			<xmax>277</xmax>
			<ymin>209</ymin>
			<ymax>279</ymax>
		</bndbox>
	</object>
</annotation>
