<annotation>
	<folder></folder>
	<filename>I_6412_JPG.rf.0fe9cc3374496f6d737f38ca903bb2d6.jpg</filename>
	<path>I_6412_JPG.rf.0fe9cc3374496f6d737f38ca903bb2d6.jpg</path>
	<source>
		<database>roboflow.ai</database>
	</source>
	<size>
		<width>416</width>
		<height>416</height>
		<depth>3</depth>
	</size>
	<segmented>0</segmented>
	<object>
		<name>I</name>
		<pose>Unspecified</pose>
		<truncated>0</truncated>
		<difficult>0</difficult>
		<occluded>0</occluded>
		<bndbox>
			<xmin>102</xmin>
			<xmax>193</xmax>
			<ymin>130</ymin>
			<ymax>202</ymax>
		</bndbox>
	</object>
</annotation>
