<annotation>
	<folder></folder>
	<filename>I_6436_JPG.rf.df3ba35fde0bc40f90fec8af45f1cc3e.jpg</filename>
	<path>I_6436_JPG.rf.df3ba35fde0bc40f90fec8af45f1cc3e.jpg</path>
	<source>
		<database>roboflow.ai</database>
	</source>
	<size>
		<width>416</width>
		<height>416</height>
		<depth>3</depth>
	</size>
	<segmented>0</segmented>
	<object>
		<name>I</name>
		<pose>Unspecified</pose>
		<truncated>0</truncated>
		<difficult>0</difficult>
		<occluded>0</occluded>
		<bndbox>
			<xmin>244</xmin>
			<xmax>321</xmax>
			<ymin>171</ymin>
			<ymax>238</ymax>
		</bndbox>
	</object>
</annotation>
