<annotation>
	<folder></folder>
	<filename>I_6448_JPG.rf.c41c525550f0dfd56d2eb34e15f44b2b.jpg</filename>
	<path>I_6448_JPG.rf.c41c525550f0dfd56d2eb34e15f44b2b.jpg</path>
	<source>
		<database>roboflow.ai</database>
	</source>
	<size>
		<width>416</width>
		<height>416</height>
		<depth>3</depth>
	</size>
	<segmented>0</segmented>
	<object>
		<name>I</name>
		<pose>Unspecified</pose>
		<truncated>0</truncated>
		<difficult>0</difficult>
		<occluded>0</occluded>
		<bndbox>
			<xmin>47</xmin>
			<xmax>127</xmax>
			<ymin>165</ymin>
			<ymax>226</ymax>
		</bndbox>
	</object>
</annotation>
