<annotation>
	<folder></folder>
	<filename>I_6472_JPG.rf.18959e079143690534873016aef268e1.jpg</filename>
	<path>I_6472_JPG.rf.18959e079143690534873016aef268e1.jpg</path>
	<source>
		<database>roboflow.ai</database>
	</source>
	<size>
		<width>416</width>
		<height>416</height>
		<depth>3</depth>
	</size>
	<segmented>0</segmented>
	<object>
		<name>I</name>
		<pose>Unspecified</pose>
		<truncated>0</truncated>
		<difficult>0</difficult>
		<occluded>0</occluded>
		<bndbox>
			<xmin>53</xmin>
			<xmax>142</xmax>
			<ymin>142</ymin>
			<ymax>212</ymax>
		</bndbox>
	</object>
</annotation>
