<annotation>
	<folder></folder>
	<filename>I_6424_JPG.rf.2d34e5033a6730c471beeeb3031fba73.jpg</filename>
	<path>I_6424_JPG.rf.2d34e5033a6730c471beeeb3031fba73.jpg</path>
	<source>
		<database>roboflow.ai</database>
	</source>
	<size>
		<width>416</width>
		<height>416</height>
		<depth>3</depth>
	</size>
	<segmented>0</segmented>
	<object>
		<name>I</name>
		<pose>Unspecified</pose>
		<truncated>0</truncated>
		<difficult>0</difficult>
		<occluded>0</occluded>
		<bndbox>
			<xmin>120</xmin>
			<xmax>202</xmax>
			<ymin>204</ymin>
			<ymax>261</ymax>
		</bndbox>
	</object>
</annotation>
