<annotation>
	<folder></folder>
	<filename>I_6400_JPG.rf.503b6af2515d437ce5337c81131f484f.jpg</filename>
	<path>I_6400_JPG.rf.503b6af2515d437ce5337c81131f484f.jpg</path>
	<source>
		<database>roboflow.ai</database>
	</source>
	<size>
		<width>416</width>
		<height>416</height>
		<depth>3</depth>
	</size>
	<segmented>0</segmented>
	<object>
		<name>I</name>
		<pose>Unspecified</pose>
		<truncated>0</truncated>
		<difficult>0</difficult>
		<occluded>0</occluded>
		<bndbox>
			<xmin>251</xmin>
			<xmax>338</xmax>
			<ymin>120</ymin>
			<ymax>200</ymax>
		</bndbox>
	</object>
</annotation>
