<annotation>
	<folder></folder>
	<filename>I_6460_JPG.rf.3375053c2a3bd58ec498b8a24e2b9301.jpg</filename>
	<path>I_6460_JPG.rf.3375053c2a3bd58ec498b8a24e2b9301.jpg</path>
	<source>
		<database>roboflow.ai</database>
	</source>
	<size>
		<width>416</width>
		<height>416</height>
		<depth>3</depth>
	</size>
	<segmented>0</segmented>
	<object>
		<name>I</name>
		<pose>Unspecified</pose>
		<truncated>0</truncated>
		<difficult>0</difficult>
		<occluded>0</occluded>
		<bndbox>
			<xmin>258</xmin>
			<xmax>349</xmax>
			<ymin>156</ymin>
			<ymax>214</ymax>
		</bndbox>
	</object>
</annotation>
