<annotation>
	<folder></folder>
	<filename>I_6496_JPG.rf.867af7a8cf46bd5709d3ffe799e38745.jpg</filename>
	<path>I_6496_JPG.rf.867af7a8cf46bd5709d3ffe799e38745.jpg</path>
	<source>
		<database>roboflow.ai</database>
	</source>
	<size>
		<width>416</width>
		<height>416</height>
		<depth>3</depth>
	</size>
	<segmented>0</segmented>
	<object>
		<name>I</name>
		<pose>Unspecified</pose>
		<truncated>0</truncated>
		<difficult>0</difficult>
		<occluded>0</occluded>
		<bndbox>
			<xmin>81</xmin>
			<xmax>169</xmax>
			<ymin>203</ymin>
			<ymax>259</ymax>
		</bndbox>
	</object>
</annotation>
