<annotation>
	<folder></folder>
	<filename>I_6508_JPG.rf.c2c73f13690d851534feae4ba2e3a5ab.jpg</filename>
	<path>I_6508_JPG.rf.c2c73f13690d851534feae4ba2e3a5ab.jpg</path>
	<source>
		<database>roboflow.ai</database>
	</source>
	<size>
		<width>416</width>
		<height>416</height>
		<depth>3</depth>
	</size>
	<segmented>0</segmented>
	<object>
		<name>I</name>
		<pose>Unspecified</pose>
		<truncated>0</truncated>
		<difficult>0</difficult>
		<occluded>0</occluded>
		<bndbox>
			<xmin>273</xmin>
			<xmax>361</xmax>
			<ymin>142</ymin>
			<ymax>210</ymax>
		</bndbox>
	</object>
</annotation>
