<annotation>
	<folder></folder>
	<filename>I_6580_jpeg.rf.bfe9681f075bf013a299a19981cc6c51.jpg</filename>
	<path>I_6580_jpeg.rf.bfe9681f075bf013a299a19981cc6c51.jpg</path>
	<source>
		<database>roboflow.ai</database>
	</source>
	<size>
		<width>416</width>
		<height>416</height>
		<depth>3</depth>
	</size>
	<segmented>0</segmented>
	<object>
		<name>I</name>
		<pose>Unspecified</pose>
		<truncated>0</truncated>
		<difficult>0</difficult>
		<occluded>0</occluded>
		<bndbox>
			<xmin>109</xmin>
			<xmax>310</xmax>
			<ymin>146</ymin>
			<ymax>308</ymax>
		</bndbox>
	</object>
</annotation>
