<annotation>
	<folder></folder>
	<filename>I_6544_JPG.rf.66e3886785d3e394f824c18e18a2342a.jpg</filename>
	<path>I_6544_JPG.rf.66e3886785d3e394f824c18e18a2342a.jpg</path>
	<source>
		<database>roboflow.ai</database>
	</source>
	<size>
		<width>416</width>
		<height>416</height>
		<depth>3</depth>
	</size>
	<segmented>0</segmented>
	<object>
		<name>I</name>
		<pose>Unspecified</pose>
		<truncated>0</truncated>
		<difficult>0</difficult>
		<occluded>0</occluded>
		<bndbox>
			<xmin>70</xmin>
			<xmax>163</xmax>
			<ymin>180</ymin>
			<ymax>246</ymax>
		</bndbox>
	</object>
</annotation>
