<annotation>
	<folder></folder>
	<filename>I_6520_JPG.rf.714be182c8ce0b35afc7a7eb9f8ead1b.jpg</filename>
	<path>I_6520_JPG.rf.714be182c8ce0b35afc7a7eb9f8ead1b.jpg</path>
	<source>
		<database>roboflow.ai</database>
	</source>
	<size>
		<width>416</width>
		<height>416</height>
		<depth>3</depth>
	</size>
	<segmented>0</segmented>
	<object>
		<name>I</name>
		<pose>Unspecified</pose>
		<truncated>0</truncated>
		<difficult>0</difficult>
		<occluded>0</occluded>
		<bndbox>
			<xmin>53</xmin>
			<xmax>147</xmax>
			<ymin>145</ymin>
			<ymax>209</ymax>
		</bndbox>
	</object>
</annotation>
