<annotation>
	<folder></folder>
	<filename>I_6592_jpeg.rf.d08c3c818efd8dcdfba484c6ddda53c7.jpg</filename>
	<path>I_6592_jpeg.rf.d08c3c818efd8dcdfba484c6ddda53c7.jpg</path>
	<source>
		<database>roboflow.ai</database>
	</source>
	<size>
		<width>416</width>
		<height>416</height>
		<depth>3</depth>
	</size>
	<segmented>0</segmented>
	<object>
		<name>I</name>
		<pose>Unspecified</pose>
		<truncated>0</truncated>
		<difficult>0</difficult>
		<occluded>0</occluded>
		<bndbox>
			<xmin>87</xmin>
			<xmax>202</xmax>
			<ymin>119</ymin>
			<ymax>232</ymax>
		</bndbox>
	</object>
</annotation>
