<annotation>
	<folder></folder>
	<filename>I_6532_JPG.rf.4b469fecb790149dd332827e32f76cea.jpg</filename>
	<path>I_6532_JPG.rf.4b469fecb790149dd332827e32f76cea.jpg</path>
	<source>
		<database>roboflow.ai</database>
	</source>
	<size>
		<width>416</width>
		<height>416</height>
		<depth>3</depth>
	</size>
	<segmented>0</segmented>
	<object>
		<name>I</name>
		<pose>Unspecified</pose>
		<truncated>0</truncated>
		<difficult>0</difficult>
		<occluded>0</occluded>
		<bndbox>
			<xmin>255</xmin>
			<xmax>344</xmax>
			<ymin>166</ymin>
			<ymax>227</ymax>
		</bndbox>
	</object>
</annotation>
