<annotation>
	<folder></folder>
	<filename>I_6568_jpg.rf.cd2b454089df6f9f1fc718391302a65d.jpg</filename>
	<path>I_6568_jpg.rf.cd2b454089df6f9f1fc718391302a65d.jpg</path>
	<source>
		<database>roboflow.ai</database>
	</source>
	<size>
		<width>416</width>
		<height>416</height>
		<depth>3</depth>
	</size>
	<segmented>0</segmented>
	<object>
		<name>I</name>
		<pose>Unspecified</pose>
		<truncated>0</truncated>
		<difficult>0</difficult>
		<occluded>0</occluded>
		<bndbox>
			<xmin>37</xmin>
			<xmax>252</xmax>
			<ymin>126</ymin>
			<ymax>375</ymax>
		</bndbox>
	</object>
</annotation>
