<annotation>
	<folder></folder>
	<filename>I_6556_JPG.rf.f42597cb1ab1dc01acce51f40c1b0cf7.jpg</filename>
	<path>I_6556_JPG.rf.f42597cb1ab1dc01acce51f40c1b0cf7.jpg</path>
	<source>
		<database>roboflow.ai</database>
	</source>
	<size>
		<width>416</width>
		<height>416</height>
		<depth>3</depth>
	</size>
	<segmented>0</segmented>
	<object>
		<name>I</name>
		<pose>Unspecified</pose>
		<truncated>0</truncated>
		<difficult>0</difficult>
		<occluded>0</occluded>
		<bndbox>
			<xmin>268</xmin>
			<xmax>350</xmax>
			<ymin>182</ymin>
			<ymax>245</ymax>
		</bndbox>
	</object>
</annotation>
