<annotation>
	<folder></folder>
	<filename>I_6628_jpeg.rf.9bac263f64dfd4d137ede25bcaef5f86.jpg</filename>
	<path>I_6628_jpeg.rf.9bac263f64dfd4d137ede25bcaef5f86.jpg</path>
	<source>
		<database>roboflow.ai</database>
	</source>
	<size>
		<width>416</width>
		<height>416</height>
		<depth>3</depth>
	</size>
	<segmented>0</segmented>
	<object>
		<name>I</name>
		<pose>Unspecified</pose>
		<truncated>0</truncated>
		<difficult>0</difficult>
		<occluded>0</occluded>
		<bndbox>
			<xmin>146</xmin>
			<xmax>341</xmax>
			<ymin>114</ymin>
			<ymax>344</ymax>
		</bndbox>
	</object>
</annotation>
