<annotation>
	<folder></folder>
	<filename>I_6640_jpeg.rf.c81bd60b28d77fd9872d6d0181d54d26.jpg</filename>
	<path>I_6640_jpeg.rf.c81bd60b28d77fd9872d6d0181d54d26.jpg</path>
	<source>
		<database>roboflow.ai</database>
	</source>
	<size>
		<width>416</width>
		<height>416</height>
		<depth>3</depth>
	</size>
	<segmented>0</segmented>
	<object>
		<name>I</name>
		<pose>Unspecified</pose>
		<truncated>0</truncated>
		<difficult>0</difficult>
		<occluded>0</occluded>
		<bndbox>
			<xmin>1</xmin>
			<xmax>177</xmax>
			<ymin>130</ymin>
			<ymax>322</ymax>
		</bndbox>
	</object>
</annotation>
