<annotation>
	<folder></folder>
	<filename>I_6664_jpeg.rf.bb8682a86246b23a7e21f26effb1574c.jpg</filename>
	<path>I_6664_jpeg.rf.bb8682a86246b23a7e21f26effb1574c.jpg</path>
	<source>
		<database>roboflow.ai</database>
	</source>
	<size>
		<width>416</width>
		<height>416</height>
		<depth>3</depth>
	</size>
	<segmented>0</segmented>
	<object>
		<name>I</name>
		<pose>Unspecified</pose>
		<truncated>0</truncated>
		<difficult>0</difficult>
		<occluded>0</occluded>
		<bndbox>
			<xmin>124</xmin>
			<xmax>326</xmax>
			<ymin>185</ymin>
			<ymax>362</ymax>
		</bndbox>
	</object>
</annotation>
