<annotation>
	<folder></folder>
	<filename>I_6604_jpeg.rf.d30bd37753b399436c99a88ae80e3e1d.jpg</filename>
	<path>I_6604_jpeg.rf.d30bd37753b399436c99a88ae80e3e1d.jpg</path>
	<source>
		<database>roboflow.ai</database>
	</source>
	<size>
		<width>416</width>
		<height>416</height>
		<depth>3</depth>
	</size>
	<segmented>0</segmented>
	<object>
		<name>I</name>
		<pose>Unspecified</pose>
		<truncated>0</truncated>
		<difficult>0</difficult>
		<occluded>0</occluded>
		<bndbox>
			<xmin>97</xmin>
			<xmax>277</xmax>
			<ymin>178</ymin>
			<ymax>350</ymax>
		</bndbox>
	</object>
</annotation>
