<annotation>
	<folder></folder>
	<filename>I_6676_jpeg.rf.230eecccd528a0934c4f8f7fd06377a3.jpg</filename>
	<path>I_6676_jpeg.rf.230eecccd528a0934c4f8f7fd06377a3.jpg</path>
	<source>
		<database>roboflow.ai</database>
	</source>
	<size>
		<width>416</width>
		<height>416</height>
		<depth>3</depth>
	</size>
	<segmented>0</segmented>
	<object>
		<name>I</name>
		<pose>Unspecified</pose>
		<truncated>0</truncated>
		<difficult>0</difficult>
		<occluded>0</occluded>
		<bndbox>
			<xmin>206</xmin>
			<xmax>416</xmax>
			<ymin>99</ymin>
			<ymax>328</ymax>
		</bndbox>
	</object>
</annotation>
