<annotation>
	<folder></folder>
	<filename>I_6688_jpeg.rf.4cd2ecefb2e6df16099ccec440316746.jpg</filename>
	<path>I_6688_jpeg.rf.4cd2ecefb2e6df16099ccec440316746.jpg</path>
	<source>
		<database>roboflow.ai</database>
	</source>
	<size>
		<width>416</width>
		<height>416</height>
		<depth>3</depth>
	</size>
	<segmented>0</segmented>
	<object>
		<name>I</name>
		<pose>Unspecified</pose>
		<truncated>0</truncated>
		<difficult>0</difficult>
		<occluded>0</occluded>
		<bndbox>
			<xmin>48</xmin>
			<xmax>235</xmax>
			<ymin>176</ymin>
			<ymax>403</ymax>
		</bndbox>
	</object>
</annotation>
