<annotation>
	<folder></folder>
	<filename>I_6616_jpeg.rf.4221d92275211dfef9e78690acb831f3.jpg</filename>
	<path>I_6616_jpeg.rf.4221d92275211dfef9e78690acb831f3.jpg</path>
	<source>
		<database>roboflow.ai</database>
	</source>
	<size>
		<width>416</width>
		<height>416</height>
		<depth>3</depth>
	</size>
	<segmented>0</segmented>
	<object>
		<name>I</name>
		<pose>Unspecified</pose>
		<truncated>0</truncated>
		<difficult>0</difficult>
		<occluded>0</occluded>
		<bndbox>
			<xmin>134</xmin>
			<xmax>296</xmax>
			<ymin>145</ymin>
			<ymax>323</ymax>
		</bndbox>
	</object>
</annotation>
