<annotation>
	<folder></folder>
	<filename>J_6748_JPG.rf.64c925d5699ae09be04423d4c16fcd37.jpg</filename>
	<path>J_6748_JPG.rf.64c925d5699ae09be04423d4c16fcd37.jpg</path>
	<source>
		<database>roboflow.ai</database>
	</source>
	<size>
		<width>416</width>
		<height>416</height>
		<depth>3</depth>
	</size>
	<segmented>0</segmented>
	<object>
		<name>J</name>
		<pose>Unspecified</pose>
		<truncated>0</truncated>
		<difficult>0</difficult>
		<occluded>0</occluded>
		<bndbox>
			<xmin>218</xmin>
			<xmax>292</xmax>
			<ymin>152</ymin>
			<ymax>246</ymax>
		</bndbox>
	</object>
</annotation>
