<annotation>
	<folder></folder>
	<filename>J_6760_JPG.rf.0b51b677b00d9b28c9d061f96265d650.jpg</filename>
	<path>J_6760_JPG.rf.0b51b677b00d9b28c9d061f96265d650.jpg</path>
	<source>
		<database>roboflow.ai</database>
	</source>
	<size>
		<width>416</width>
		<height>416</height>
		<depth>3</depth>
	</size>
	<segmented>0</segmented>
	<object>
		<name>J</name>
		<pose>Unspecified</pose>
		<truncated>0</truncated>
		<difficult>0</difficult>
		<occluded>0</occluded>
		<bndbox>
			<xmin>87</xmin>
			<xmax>166</xmax>
			<ymin>166</ymin>
			<ymax>230</ymax>
		</bndbox>
	</object>
</annotation>
