<annotation>
	<folder></folder>
	<filename>J_6724_JPG.rf.c6e567fa96435651681a003b51fa173e.jpg</filename>
	<path>J_6724_JPG.rf.c6e567fa96435651681a003b51fa173e.jpg</path>
	<source>
		<database>roboflow.ai</database>
	</source>
	<size>
		<width>416</width>
		<height>416</height>
		<depth>3</depth>
	</size>
	<segmented>0</segmented>
	<object>
		<name>J</name>
		<pose>Unspecified</pose>
		<truncated>0</truncated>
		<difficult>0</difficult>
		<occluded>0</occluded>
		<bndbox>
			<xmin>121</xmin>
			<xmax>175</xmax>
			<ymin>213</ymin>
			<ymax>276</ymax>
		</bndbox>
	</object>
</annotation>
