<annotation>
	<folder></folder>
	<filename>J_6736_JPG.rf.9201c3a00233fb3801510c5df7d21d69.jpg</filename>
	<path>J_6736_JPG.rf.9201c3a00233fb3801510c5df7d21d69.jpg</path>
	<source>
		<database>roboflow.ai</database>
	</source>
	<size>
		<width>416</width>
		<height>416</height>
		<depth>3</depth>
	</size>
	<segmented>0</segmented>
	<object>
		<name>J</name>
		<pose>Unspecified</pose>
		<truncated>0</truncated>
		<difficult>0</difficult>
		<occluded>0</occluded>
		<bndbox>
			<xmin>246</xmin>
			<xmax>294</xmax>
			<ymin>201</ymin>
			<ymax>252</ymax>
		</bndbox>
	</object>
</annotation>
