<annotation>
	<folder></folder>
	<filename>J_6700_JPG.rf.e498a3147f425e8ceb9affdb93ad59c2.jpg</filename>
	<path>J_6700_JPG.rf.e498a3147f425e8ceb9affdb93ad59c2.jpg</path>
	<source>
		<database>roboflow.ai</database>
	</source>
	<size>
		<width>416</width>
		<height>416</height>
		<depth>3</depth>
	</size>
	<segmented>0</segmented>
	<object>
		<name>J</name>
		<pose>Unspecified</pose>
		<truncated>0</truncated>
		<difficult>0</difficult>
		<occluded>0</occluded>
		<bndbox>
			<xmin>121</xmin>
			<xmax>165</xmax>
			<ymin>189</ymin>
			<ymax>236</ymax>
		</bndbox>
	</object>
</annotation>
