<annotation>
	<folder></folder>
	<filename>J_6712_JPG.rf.8a0e00cecc89e11b7946c64f7c3186d4.jpg</filename>
	<path>J_6712_JPG.rf.8a0e00cecc89e11b7946c64f7c3186d4.jpg</path>
	<source>
		<database>roboflow.ai</database>
	</source>
	<size>
		<width>416</width>
		<height>416</height>
		<depth>3</depth>
	</size>
	<segmented>0</segmented>
	<object>
		<name>J</name>
		<pose>Unspecified</pose>
		<truncated>0</truncated>
		<difficult>0</difficult>
		<occluded>0</occluded>
		<bndbox>
			<xmin>240</xmin>
			<xmax>273</xmax>
			<ymin>191</ymin>
			<ymax>235</ymax>
		</bndbox>
	</object>
</annotation>
