<annotation>
	<folder></folder>
	<filename>J_6796_JPG.rf.39b30a4a453c82e3d10776144c0dec42.jpg</filename>
	<path>J_6796_JPG.rf.39b30a4a453c82e3d10776144c0dec42.jpg</path>
	<source>
		<database>roboflow.ai</database>
	</source>
	<size>
		<width>416</width>
		<height>416</height>
		<depth>3</depth>
	</size>
	<segmented>0</segmented>
	<object>
		<name>J</name>
		<pose>Unspecified</pose>
		<truncated>0</truncated>
		<difficult>0</difficult>
		<occluded>0</occluded>
		<bndbox>
			<xmin>208</xmin>
			<xmax>289</xmax>
			<ymin>215</ymin>
			<ymax>295</ymax>
		</bndbox>
	</object>
</annotation>
