<annotation>
	<folder></folder>
	<filename>J_6820_JPG.rf.b599a7a5045d8555499374cffc83b6b1.jpg</filename>
	<path>J_6820_JPG.rf.b599a7a5045d8555499374cffc83b6b1.jpg</path>
	<source>
		<database>roboflow.ai</database>
	</source>
	<size>
		<width>416</width>
		<height>416</height>
		<depth>3</depth>
	</size>
	<segmented>0</segmented>
	<object>
		<name>J</name>
		<pose>Unspecified</pose>
		<truncated>0</truncated>
		<difficult>0</difficult>
		<occluded>0</occluded>
		<bndbox>
			<xmin>100</xmin>
			<xmax>179</xmax>
			<ymin>195</ymin>
			<ymax>252</ymax>
		</bndbox>
	</object>
</annotation>
