<annotation>
	<folder></folder>
	<filename>J_6808_JPG.rf.c9659bdbeb8a0ad9a7f1dff5544a3d8a.jpg</filename>
	<path>J_6808_JPG.rf.c9659bdbeb8a0ad9a7f1dff5544a3d8a.jpg</path>
	<source>
		<database>roboflow.ai</database>
	</source>
	<size>
		<width>416</width>
		<height>416</height>
		<depth>3</depth>
	</size>
	<segmented>0</segmented>
	<object>
		<name>J</name>
		<pose>Unspecified</pose>
		<truncated>0</truncated>
		<difficult>0</difficult>
		<occluded>0</occluded>
		<bndbox>
			<xmin>225</xmin>
			<xmax>303</xmax>
			<ymin>194</ymin>
			<ymax>266</ymax>
		</bndbox>
	</object>
</annotation>
