<annotation>
	<folder></folder>
	<filename>J_6868_JPG.rf.3571c39d9a9fa69fc22051db1a9dc0a0.jpg</filename>
	<path>J_6868_JPG.rf.3571c39d9a9fa69fc22051db1a9dc0a0.jpg</path>
	<source>
		<database>roboflow.ai</database>
	</source>
	<size>
		<width>416</width>
		<height>416</height>
		<depth>3</depth>
	</size>
	<segmented>0</segmented>
	<object>
		<name>J</name>
		<pose>Unspecified</pose>
		<truncated>0</truncated>
		<difficult>0</difficult>
		<occluded>0</occluded>
		<bndbox>
			<xmin>215</xmin>
			<xmax>291</xmax>
			<ymin>147</ymin>
			<ymax>212</ymax>
		</bndbox>
	</object>
</annotation>
