<annotation>
	<folder></folder>
	<filename>J_6832_JPG.rf.db51ecb7aaf673f16a88172ea9ab8d92.jpg</filename>
	<path>J_6832_JPG.rf.db51ecb7aaf673f16a88172ea9ab8d92.jpg</path>
	<source>
		<database>roboflow.ai</database>
	</source>
	<size>
		<width>416</width>
		<height>416</height>
		<depth>3</depth>
	</size>
	<segmented>0</segmented>
	<object>
		<name>J</name>
		<pose>Unspecified</pose>
		<truncated>0</truncated>
		<difficult>0</difficult>
		<occluded>0</occluded>
		<bndbox>
			<xmin>195</xmin>
			<xmax>271</xmax>
			<ymin>183</ymin>
			<ymax>243</ymax>
		</bndbox>
	</object>
</annotation>
