<annotation>
	<folder></folder>
	<filename>J_6892_JPG.rf.41f01a8e54faf358b857df3f0d1c659a.jpg</filename>
	<path>J_6892_JPG.rf.41f01a8e54faf358b857df3f0d1c659a.jpg</path>
	<source>
		<database>roboflow.ai</database>
	</source>
	<size>
		<width>416</width>
		<height>416</height>
		<depth>3</depth>
	</size>
	<segmented>0</segmented>
	<object>
		<name>J</name>
		<pose>Unspecified</pose>
		<truncated>0</truncated>
		<difficult>0</difficult>
		<occluded>0</occluded>
		<bndbox>
			<xmin>253</xmin>
			<xmax>322</xmax>
			<ymin>173</ymin>
			<ymax>231</ymax>
		</bndbox>
	</object>
</annotation>
