<annotation>
	<folder></folder>
	<filename>J_6880_JPG.rf.22f52428ec5442a9cc459b20ddf20946.jpg</filename>
	<path>J_6880_JPG.rf.22f52428ec5442a9cc459b20ddf20946.jpg</path>
	<source>
		<database>roboflow.ai</database>
	</source>
	<size>
		<width>416</width>
		<height>416</height>
		<depth>3</depth>
	</size>
	<segmented>0</segmented>
	<object>
		<name>J</name>
		<pose>Unspecified</pose>
		<truncated>0</truncated>
		<difficult>0</difficult>
		<occluded>0</occluded>
		<bndbox>
			<xmin>109</xmin>
			<xmax>178</xmax>
			<ymin>132</ymin>
			<ymax>198</ymax>
		</bndbox>
	</object>
</annotation>
