<annotation>
	<folder></folder>
	<filename>J_6964_JPG.rf.010a8e28100625a16573a25d0a6a93b0.jpg</filename>
	<path>J_6964_JPG.rf.010a8e28100625a16573a25d0a6a93b0.jpg</path>
	<source>
		<database>roboflow.ai</database>
	</source>
	<size>
		<width>416</width>
		<height>416</height>
		<depth>3</depth>
	</size>
	<segmented>0</segmented>
	<object>
		<name>J</name>
		<pose>Unspecified</pose>
		<truncated>0</truncated>
		<difficult>0</difficult>
		<occluded>0</occluded>
		<bndbox>
			<xmin>259</xmin>
			<xmax>327</xmax>
			<ymin>169</ymin>
			<ymax>231</ymax>
		</bndbox>
	</object>
</annotation>
