<annotation>
	<folder></folder>
	<filename>J_6904_JPG.rf.4dd84995b5776bf079266207e4525132.jpg</filename>
	<path>J_6904_JPG.rf.4dd84995b5776bf079266207e4525132.jpg</path>
	<source>
		<database>roboflow.ai</database>
	</source>
	<size>
		<width>416</width>
		<height>416</height>
		<depth>3</depth>
	</size>
	<segmented>0</segmented>
	<object>
		<name>J</name>
		<pose>Unspecified</pose>
		<truncated>0</truncated>
		<difficult>0</difficult>
		<occluded>0</occluded>
		<bndbox>
			<xmin>94</xmin>
			<xmax>176</xmax>
			<ymin>192</ymin>
			<ymax>243</ymax>
		</bndbox>
	</object>
</annotation>
