<annotation>
	<folder></folder>
	<filename>J_6916_JPG.rf.3a9887eddf8c9edfd503a4e14986f5ba.jpg</filename>
	<path>J_6916_JPG.rf.3a9887eddf8c9edfd503a4e14986f5ba.jpg</path>
	<source>
		<database>roboflow.ai</database>
	</source>
	<size>
		<width>416</width>
		<height>416</height>
		<depth>3</depth>
	</size>
	<segmented>0</segmented>
	<object>
		<name>J</name>
		<pose>Unspecified</pose>
		<truncated>0</truncated>
		<difficult>0</difficult>
		<occluded>0</occluded>
		<bndbox>
			<xmin>238</xmin>
			<xmax>305</xmax>
			<ymin>190</ymin>
			<ymax>240</ymax>
		</bndbox>
	</object>
</annotation>
