<annotation>
	<folder></folder>
	<filename>J_6928_JPG.rf.d6a0e30e25199eec8bc3836694fed1cf.jpg</filename>
	<path>J_6928_JPG.rf.d6a0e30e25199eec8bc3836694fed1cf.jpg</path>
	<source>
		<database>roboflow.ai</database>
	</source>
	<size>
		<width>416</width>
		<height>416</height>
		<depth>3</depth>
	</size>
	<segmented>0</segmented>
	<object>
		<name>J</name>
		<pose>Unspecified</pose>
		<truncated>0</truncated>
		<difficult>0</difficult>
		<occluded>0</occluded>
		<bndbox>
			<xmin>120</xmin>
			<xmax>190</xmax>
			<ymin>206</ymin>
			<ymax>255</ymax>
		</bndbox>
	</object>
</annotation>
