<annotation>
	<folder></folder>
	<filename>J_6940_JPG.rf.b3de379aecbf110c65aa29694525fe22.jpg</filename>
	<path>J_6940_JPG.rf.b3de379aecbf110c65aa29694525fe22.jpg</path>
	<source>
		<database>roboflow.ai</database>
	</source>
	<size>
		<width>416</width>
		<height>416</height>
		<depth>3</depth>
	</size>
	<segmented>0</segmented>
	<object>
		<name>J</name>
		<pose>Unspecified</pose>
		<truncated>0</truncated>
		<difficult>0</difficult>
		<occluded>0</occluded>
		<bndbox>
			<xmin>236</xmin>
			<xmax>304</xmax>
			<ymin>192</ymin>
			<ymax>244</ymax>
		</bndbox>
	</object>
</annotation>
