<annotation>
	<folder></folder>
	<filename>J_6952_JPG.rf.39215e71df1b9fe873c339a7f87b314b.jpg</filename>
	<path>J_6952_JPG.rf.39215e71df1b9fe873c339a7f87b314b.jpg</path>
	<source>
		<database>roboflow.ai</database>
	</source>
	<size>
		<width>416</width>
		<height>416</height>
		<depth>3</depth>
	</size>
	<segmented>0</segmented>
	<object>
		<name>J</name>
		<pose>Unspecified</pose>
		<truncated>0</truncated>
		<difficult>0</difficult>
		<occluded>0</occluded>
		<bndbox>
			<xmin>105</xmin>
			<xmax>177</xmax>
			<ymin>170</ymin>
			<ymax>231</ymax>
		</bndbox>
	</object>
</annotation>
